
INFO:     172.30.32.1:35810 - "GET /api/rss/status?t=1764877279678 HTTP/1.1" 200 OK
INFO:PlexMover:Auto-refreshing RSS feed: HDO RSS
INFO:PlexMover:Fetching RSS: https://hd-olimpo.club/rss/5785.1e74c04b3cb6dd11abdac5b9bf4a315c
INFO:PlexMover:Processing 30 unique entries from RSS feeds (limit: 30)
INFO:PlexMover:Using TMDB ID 31352 → Exact match: 'Doraemon y el Imperio Maya' (2000)
INFO:PlexMover:Generated pseudo_hash for RSS: 'Doraemon y el Imperio Maya' (2000) -> ebc75996... from link: https://hd-olimpo.club/torrent/download/69526.1e74...
INFO:PlexMover:Auto-download enabled for Doraemon y el Imperio Maya from feed 'HDO RSS' with label 'Roverr'
INFO:PlexMover:Using TMDB ID 31352 for intelligent multi-language search
INFO:PlexMover:Auto-downloading movie: Doraemon y el Imperio Maya (2000)
INFO:PlexMover:🌍 Using intelligent multi-language search for TMDB ID: 31352
INFO:PlexMover:Querying Prowlarr stats at: http://192.168.0.125:9696/api/v1/indexer
INFO:PlexMover:Found 1 active trackers with languages: {'es-ES'}
INFO:PlexMover:Indexer 'HD Olimpo' supports languages: ['es-ES']
INFO:PlexMover:Fetched title for es-ES: 'Doraemon y el Imperio Maya'
INFO:PlexMover:📚 Fetched titles: {'es-ES': 'Doraemon y el Imperio Maya'}
INFO:PlexMover:🔍 Multi-language search query: Doraemon y el Imperio Maya
INFO:PlexMover:Searching with 1 variants: ['Doraemon y el Imperio Maya']
INFO:PlexMover:Searching HD Olimpo for 'Doraemon y el Imperio Maya'
INFO:PlexMover:Found 1 results from HD Olimpo with query 'Doraemon y el Imperio Maya'
INFO:PlexMover:Total search results: 1
INFO:PlexMover:Selected torrent: Doraemon y el Imperio Maya (2000) [WEB-DL 1080p AVC ES DD 5.1][HDO] SPANiSH (7782 MB)
INFO:PlexMover:Adding torrent with label: Roverr
INFO:PlexMover:New torrent detected after 3 attempts
INFO:PlexMover:Added torrent to download client: Doraemon y el Imperio Maya (2000) [WEB-DL 1080p AVC ES DD 5.1][HDO].mkv (hash: 21776841...)
INFO:PlexMover:Successfully auto-downloaded Doraemon y el Imperio Maya from RSS. Adding to DB with real hash.
INFO:PlexMover:Created DB entry for auto-downloaded movie: Doraemon y el Imperio Maya (2000)
INFO:PlexMover:Using TMDB ID 106164 → Exact match: 'Doraemon y el tren del tiempo' (1996)
INFO:PlexMover:Generated pseudo_hash for RSS: 'Doraemon y el tren del tiempo' (1996) -> 3bf27195... from link: https://hd-olimpo.club/torrent/download/69525.1e74...
INFO:PlexMover:Auto-download enabled for Doraemon y el tren del tiempo from feed 'HDO RSS' with label 'Roverr'
INFO:PlexMover:Using TMDB ID 106164 for intelligent multi-language search
INFO:PlexMover:Auto-downloading movie: Doraemon y el tren del tiempo (1996)
INFO:PlexMover:🌍 Using intelligent multi-language search for TMDB ID: 106164
INFO:PlexMover:Querying Prowlarr stats at: http://192.168.0.125:9696/api/v1/indexer
INFO:PlexMover:Found 1 active trackers with languages: {'es-ES'}
INFO:PlexMover:Indexer 'HD Olimpo' supports languages: ['es-ES']
INFO:PlexMover:Fetched title for es-ES: 'Doraemon y el tren del tiempo'
INFO:PlexMover:📚 Fetched titles: {'es-ES': 'Doraemon y el tren del tiempo'}
INFO:PlexMover:🔍 Multi-language search query: Doraemon y el tren del tiempo
INFO:PlexMover:Searching with 1 variants: ['Doraemon y el tren del tiempo']
INFO:PlexMover:Searching HD Olimpo for 'Doraemon y el tren del tiempo'
INFO:PlexMover:Found 1 results from HD Olimpo with query 'Doraemon y el tren del tiempo'
INFO:PlexMover:Total search results: 1
INFO:PlexMover:Selected torrent: Doraemon y el tren del tiempo (1996) [WEB-DL 1080p AVC ES DD 2.0][HDO] SPANiSH (7110 MB)
INFO:PlexMover:Adding torrent with label: Roverr
INFO:PlexMover:New torrent detected after 6 attempts
INFO:PlexMover:Added torrent to download client: Doraemon y el tren del tiempo (1996) [WEB-DL 1080p AVC ES DD 2.0][HDO].mkv (hash: 06f575e8...)
INFO:PlexMover:Successfully auto-downloaded Doraemon y el tren del tiempo from RSS. Adding to DB with real hash.
INFO:PlexMover:Created DB entry for auto-downloaded movie: Doraemon y el tren del tiempo (1996)
INFO:PlexMover:Using TMDB ID 1502147 → Exact match: 'Cariñena, vino del mar' (2025)
INFO:PlexMover:Generated pseudo_hash for RSS: 'Cariñena, vino del mar' (2025) -> e91e0ab8... from link: https://hd-olimpo.club/torrent/download/69523.1e74...
INFO:PlexMover:Movie 'Cariñena, vino del mar' (2025) already exists in dashboard with hash aebfaf1d... Skipping duplicate RSS entry.
INFO:PlexMover:Using TMDB ID 1287850 → Exact match: 'Hell Hole' (2024)
INFO:PlexMover:Generated pseudo_hash for RSS: 'Hell Hole' (2024) -> 94b60797... from link: https://hd-olimpo.club/torrent/download/69521.1e74...
INFO:PlexMover:Movie 'Hell Hole' (2024) already exists in dashboard with hash f41fe971... Skipping duplicate RSS entry.
INFO:PlexMover:Using TMDB ID 1441563 → Exact match: 'El secreto de Papá Noel' (2025)
INFO:PlexMover:Generated pseudo_hash for RSS: 'El secreto de Papá Noel' (2025) -> 60874283... from link: https://hd-olimpo.club/torrent/download/69517.1e74...
INFO:PlexMover:Movie 'El secreto de Papá Noel' (2025) is in ignored list. Skipping RSS entry and auto-download.
INFO:PlexMover:Using TMDB ID 48453 → Exact match: 'Concursante' (2007)
INFO:PlexMover:Generated pseudo_hash for RSS: 'Concursante' (2007) -> 2fffb0fd... from link: https://hd-olimpo.club/torrent/download/69498.1e74...
INFO:PlexMover:Movie 'Concursante' (2007) already exists in dashboard with hash 85157498... Skipping duplicate RSS entry.
INFO:PlexMover:Using TMDB ID 620639 → Exact match: 'La hija de un ladrón' (2019)
INFO:PlexMover:Generated pseudo_hash for RSS: 'La hija de un ladrón' (2019) -> c0c303e5... from link: https://hd-olimpo.club/torrent/download/69495.1e74...
INFO:PlexMover:Movie 'La hija de un ladrón' (2019) is in ignored list. Skipping RSS entry and auto-download.
INFO:PlexMover:Using TMDB ID 1261825 → Exact match: 'Oh. What. Fun.' (2025)
INFO:PlexMover:Generated pseudo_hash for RSS: 'Oh. What. Fun.' (2025) -> 11e9f219... from link: https://hd-olimpo.club/torrent/download/69493.1e74...
INFO:PlexMover:Movie 'Oh. What. Fun.' (2025) is in ignored list. Skipping RSS entry and auto-download.
INFO:PlexMover:Using TMDB ID 533533 → Exact match: 'TRON: Ares' (2025)
INFO:PlexMover:Generated pseudo_hash for RSS: 'TRON: Ares' (2025) -> 23074b75... from link: https://hd-olimpo.club/torrent/download/69471.1e74...
INFO:PlexMover:Movie 'TRON: Ares' (2025) is in ignored list. Skipping RSS entry and auto-download.
INFO:PlexMover:Using TMDB ID 772 → Exact match: 'Solo en casa 2: Perdido en Nueva York' (1992)
INFO:PlexMover:Generated pseudo_hash for RSS: 'Solo en casa 2: Perdido en Nueva York' (1992) -> a8e87ec6... from link: https://hd-olimpo.club/torrent/download/69462.1e74...
INFO:PlexMover:RSS movie 'Solo en casa 2: Perdido en Nueva York' (1992) already exists with exact hash a8e87ec6..., skipping
INFO:PlexMover:Using TMDB ID 74052 → Exact match: 'Yo soy la Juani' (2006)
INFO:PlexMover:Generated pseudo_hash for RSS: 'Yo soy la Juani' (2006) -> 02565351... from link: https://hd-olimpo.club/torrent/download/69461.1e74...
INFO:PlexMover:Movie 'Yo soy la Juani' (2006) is in ignored list. Skipping RSS entry and auto-download.
INFO:PlexMover:Using TMDB ID 8970 → Exact match: 'Forasteros en Nueva York' (1999)
INFO:PlexMover:Generated pseudo_hash for RSS: 'Forasteros en Nueva York' (1999) -> 0c29ce20... from link: https://hd-olimpo.club/torrent/download/69460.1e74...
INFO:PlexMover:RSS movie 'Forasteros en Nueva York' (1999) already exists with exact hash 0c29ce20..., skipping
INFO:PlexMover:Using TMDB ID 533533 → Exact match: 'TRON: Ares' (2025)
INFO:PlexMover:Generated pseudo_hash for RSS: 'TRON: Ares' (2025) -> b31a9c0a... from link: https://hd-olimpo.club/torrent/download/69441.1e74...
INFO:PlexMover:Movie 'TRON: Ares' (2025) is in ignored list. Skipping RSS entry and auto-download.
INFO:PlexMover:Using TMDB ID 1361854 → Exact match: 'Las delicias del jardín' (2025)
INFO:PlexMover:Generated pseudo_hash for RSS: 'Las delicias del jardín' (2025) -> db3ec3a6... from link: https://hd-olimpo.club/torrent/download/69436.1e74...
INFO:PlexMover:Movie 'Las delicias del jardín' (2025) is in ignored list. Skipping RSS entry and auto-download.
INFO:PlexMover:Using TMDB ID 1180831 → Exact match: 'Trol 2' (2025)
INFO:PlexMover:Generated pseudo_hash for RSS: 'Trol 2' (2025) -> 5a060fe1... from link: https://hd-olimpo.club/torrent/download/69428.1e74...
INFO:PlexMover:Movie 'Trol 2' (2025) is in ignored list. Skipping RSS entry and auto-download.
INFO:PlexMover:Using TMDB ID 605542 → Exact match: 'Perdidos en la noche' (2023)
INFO:PlexMover:Generated pseudo_hash for RSS: 'Perdidos en la noche' (2023) -> 0678582b... from link: https://hd-olimpo.club/torrent/download/69398.1e74...
INFO:PlexMover:Movie 'Perdidos en la noche' (2023) is in ignored list. Skipping RSS entry and auto-download.
INFO:PlexMover:Using TMDB ID 1002158 → Exact match: 'Rapaces' (2025)
INFO:PlexMover:Generated pseudo_hash for RSS: 'Rapaces' (2025) -> a27b10d5... from link: https://hd-olimpo.club/torrent/download/69390.1e74...
INFO:PlexMover:Movie 'Rapaces' (2025) is in ignored list. Skipping RSS entry and auto-download.
INFO:PlexMover:Using TMDB ID 1280282 → Exact match: 'La casa de muñecas de Gabby: La película' (2025)
INFO:PlexMover:Generated pseudo_hash for RSS: 'La casa de muñecas de Gabby: La película' (2025) -> 94c5eb5f... from link: https://hd-olimpo.club/torrent/download/69387.1e74...
INFO:PlexMover:RSS movie 'La casa de muñecas de Gabby: La película' (2025) already exists with exact hash 94c5eb5f..., skipping
INFO:PlexMover:Using TMDB ID 1151272 → Exact match: 'Sirāt' (2025)
INFO:PlexMover:Generated pseudo_hash for RSS: 'Sirāt' (2025) -> 40663c1d... from link: https://hd-olimpo.club/torrent/download/69350.1e74...
INFO:PlexMover:Movie 'Sirāt' (2025) is in ignored list. Skipping RSS entry and auto-download.
INFO:PlexMover:Using TMDB ID 640 → Exact match: 'Atrápame si puedes' (2002)
INFO:PlexMover:Generated pseudo_hash for RSS: 'Atrápame si puedes' (2002) -> 98401e83... from link: https://hd-olimpo.club/torrent/download/69344.1e74...
INFO:PlexMover:RSS movie 'Atrápame si puedes' (2002) already exists with exact hash 98401e83..., skipping
INFO:PlexMover:Using TMDB ID 1426968 → Exact match: 'Ya no quedan junglas' (2025)
INFO:PlexMover:Generated pseudo_hash for RSS: 'Ya no quedan junglas' (2025) -> af0c1828... from link: https://hd-olimpo.club/torrent/download/69336.1e74...
INFO:PlexMover:RSS movie 'Ya no quedan junglas' (2025) already exists with exact hash af0c1828..., skipping
INFO:PlexMover:Using TMDB ID 1469354 → Exact match: 'Cazadores de fronteras' (2025)
INFO:PlexMover:Generated pseudo_hash for RSS: 'Cazadores de fronteras' (2025) -> 3a29d3fa... from link: https://hd-olimpo.club/torrent/download/69330.1e74...
INFO:PlexMover:Movie 'Cazadores de fronteras' (2025) is in ignored list. Skipping RSS entry and auto-download.
INFO:PlexMover:Using TMDB ID 1218762 → Exact match: 'Un robo muy navideño' (2025)
INFO:PlexMover:Generated pseudo_hash for RSS: 'Un robo muy navideño' (2025) -> 3da2c19d... from link: https://hd-olimpo.club/torrent/download/69328.1e74...
INFO:PlexMover:RSS movie 'Un robo muy navideño' (2025) already exists with exact hash 3da2c19d..., skipping
INFO:PlexMover:Using TMDB ID 1196573 → Exact match: 'La educación de Polly McClusky' (2025)
INFO:PlexMover:Generated pseudo_hash for RSS: 'La educación de Polly McClusky' (2025) -> 6bc5d62d... from link: https://hd-olimpo.club/torrent/download/69324.1e74...
INFO:PlexMover:RSS movie 'La educación de Polly McClusky' (2025) already exists with exact hash 6bc5d62d..., skipping
INFO:PlexMover:Using TMDB ID 1522377 → Exact match: 'Dos mundos, un deseo' (2025)
INFO:PlexMover:Generated pseudo_hash for RSS: 'Dos mundos, un deseo' (2025) -> 1f6072e2... from link: https://hd-olimpo.club/torrent/download/69321.1e74...
INFO:PlexMover:Movie 'Dos mundos, un deseo' (2025) is in ignored list. Skipping RSS entry and auto-download.
INFO:PlexMover:Using TMDB ID 9260 → Exact match: 'Bienvenidos a Collinwood' (2002)
INFO:PlexMover:Generated pseudo_hash for RSS: 'Bienvenidos a Collinwood' (2002) -> d97a6eb9... from link: https://hd-olimpo.club/torrent/download/69308.1e74...
INFO:PlexMover:RSS movie 'Bienvenidos a Collinwood' (2002) already exists with exact hash d97a6eb9..., skipping
INFO:PlexMover:Using TMDB ID 1327862 → Exact match: 'A pesar de ti' (2025)
INFO:PlexMover:Generated pseudo_hash for RSS: 'A pesar de ti' (2025) -> 380ea8d5... from link: https://hd-olimpo.club/torrent/download/69285.1e74...
INFO:PlexMover:RSS movie 'A pesar de ti' (2025) already exists with exact hash 380ea8d5..., skipping
INFO:PlexMover:Using TMDB ID 1299655 → Exact match: 'Blue Moon' (2025)
INFO:PlexMover:Generated pseudo_hash for RSS: 'Blue Moon' (2025) -> 588658fb... from link: https://hd-olimpo.club/torrent/download/69283.1e74...
INFO:PlexMover:Movie 'Blue Moon' (2025) is in ignored list. Skipping RSS entry and auto-download.
INFO:PlexMover:Using TMDB ID 1340828 → Exact match: 'Mujercitas en Navidad' (2024)
INFO:PlexMover:Generated pseudo_hash for RSS: 'Mujercitas en Navidad' (2024) -> 4c0d5c4e... from link: https://hd-olimpo.club/torrent/download/69259.1e74...
INFO:PlexMover:Movie 'Mujercitas en Navidad' (2024) is in ignored list. Skipping RSS entry and auto-download.
INFO:PlexMover:Using TMDB ID 23168 → Exact match: 'The Town: Ciudad de ladrones' (2010)
INFO:PlexMover:Generated pseudo_hash for RSS: 'The Town: Ciudad de ladrones' (2010) -> 4cf0a040... from link: https://hd-olimpo.club/torrent/download/69248.1e74...
INFO:PlexMover:RSS movie 'The Town: Ciudad de ladrones' (2010) already exists with exact hash 4cf0a040..., skipping
INFO:PlexMover:RSS auto-refresh successful: Added 2 new movies from RSS
INFO:     172.30.32.1:50604 - "GET /api/rss/status?t=1764877302188 HTTP/1.1" 200 OK
INFO:     172.30.32.1:58680 - "GET /api/rss/status?t=1764877339667 HTTP/1.1" 200 OK
INFO:     172.30.32.1:59752 - "GET /api/rss/status?t=1764877362197 HTTP/1.1" 200 OK
INFO:     172.30.32.1:42224 - "GET /api/rss/status?t=1764877399669 HTTP/1.1" 200 OK
INFO:     172.30.32.1:41588 - "GET /api/rss/status?t=1764877422195 HTTP/1.1" 200 OK
INFO:     172.30.32.1:52208 - "GET /api/rss/status?t=1764877459674 HTTP/1.1" 200 OK
INFO:     172.30.32.1:40374 - "GET /api/rss/status?t=1764877482192 HTTP/1.1" 200 OK
INFO:     172.30.32.1:38588 - "GET /api/rss/status?t=1764877519670 HTTP/1.1" 200 OK
INFO:     172.30.32.1:37626 - "GET /api/rss/status?t=1764877542194 HTTP/1.1" 200 OK
INFO:     172.30.32.1:60502 - "GET /api/rss/status?t=1764877579665 HTTP/1.1" 200 OK
INFO:     172.30.32.1:46952 - "GET /api/rss/status?t=1764877602191 HTTP/1.1" 200 OK
INFO:     172.30.32.1:60102 - "GET /api/rss/status?t=1764877639669 HTTP/1.1" 200 OK
INFO:     172.30.32.1:44420 - "GET /api/rss/status?t=1764877662200 HTTP/1.1" 200 OK
INFO:     172.30.32.1:49522 - "GET /api/rss/status?t=1764877699665 HTTP/1.1" 200 OK
INFO:     172.30.32.1:60518 - "GET /api/rss/status?t=1764877722190 HTTP/1.1" 200 OK
INFO:     172.30.32.1:46842 - "GET /api/rss/status?t=1764877759667 HTTP/1.1" 200 OK
INFO:     172.30.32.1:33476 - "GET /api/rss/status?t=1764877782198 HTTP/1.1" 200 OK
INFO:     172.30.32.1:36960 - "GET /api/rss/status?t=1764877819677 HTTP/1.1" 200 OK
INFO:     172.30.32.1:59576 - "GET /api/rss/status?t=1764877842200 HTTP/1.1" 200 OK
INFO:     172.30.32.1:53724 - "GET /api/rss/status?t=1764877879672 HTTP/1.1" 200 OK
INFO:     172.30.32.1:32804 - "GET /api/rss/status?t=1764877902195 HTTP/1.1" 200 OK
INFO:     172.30.32.1:60450 - "GET /api/rss/status?t=1764877939668 HTTP/1.1" 200 OK
INFO:     172.30.32.1:35492 - "GET /api/rss/status?t=1764877962199 HTTP/1.1" 200 OK
INFO:     172.30.32.1:50038 - "GET /api/rss/status?t=1764877999679 HTTP/1.1" 200 OK
INFO:     172.30.32.1:57300 - "GET /api/rss/status?t=1764878022196 HTTP/1.1" 200 OK
INFO:     172.30.32.1:33322 - "GET /api/rss/status?t=1764878059673 HTTP/1.1" 200 OK
INFO:     172.30.32.1:40266 - "GET /api/rss/status?t=1764878082192 HTTP/1.1" 200 OK
INFO:     172.30.32.1:56518 - "GET /api/rss/status?t=1764878119670 HTTP/1.1" 200 OK
INFO:     172.30.32.1:59724 - "GET /api/rss/status?t=1764878142201 HTTP/1.1" 200 OK
INFO:     172.30.32.1:36262 - "GET /api/rss/status?t=1764878179678 HTTP/1.1" 200 OK
INFO:     172.30.32.1:54522 - "GET /api/rss/status?t=1764878202196 HTTP/1.1" 200 OK
INFO:     172.30.32.1:35822 - "GET /api/rss/status?t=1764878239673 HTTP/1.1" 200 OK
INFO:     172.30.32.1:35340 - "GET /api/rss/status?t=1764878262192 HTTP/1.1" 200 OK
INFO:     172.30.32.1:37894 - "GET /api/rss/status?t=1764878299671 HTTP/1.1" 200 OK
INFO:     172.30.32.1:33490 - "GET /api/rss/status?t=1764878322189 HTTP/1.1" 200 OK
INFO:     172.30.32.1:48698 - "GET /api/rss/status?t=1764878359668 HTTP/1.1" 200 OK
INFO:     172.30.32.1:44860 - "GET /api/rss/status?t=1764878382194 HTTP/1.1" 200 OK
INFO:     172.30.32.1:54158 - "GET /api/rss/status?t=1764878419673 HTTP/1.1" 200 OK
INFO:     172.30.32.1:45928 - "GET /api/rss/status?t=1764878442193 HTTP/1.1" 200 OK
INFO:     172.30.32.1:50042 - "GET /api/rss/status?t=1764878479675 HTTP/1.1" 200 OK
INFO:     172.30.32.1:44612 - "GET /api/rss/status?t=1764878502200 HTTP/1.1" 200 OK
INFO:     172.30.32.1:38852 - "GET /api/rss/status?t=1764878539668 HTTP/1.1" 200 OK
INFO:     172.30.32.1:39370 - "GET /api/rss/status?t=1764878562189 HTTP/1.1" 200 OK
INFO:     172.30.32.1:48234 - "GET /api/rss/status?t=1764878599672 HTTP/1.1" 200 OK
INFO:     172.30.32.1:39530 - "GET /api/rss/status?t=1764878622193 HTTP/1.1" 200 OK
INFO:     172.30.32.1:55104 - "GET /api/rss/status?t=1764878659677 HTTP/1.1" 200 OK
INFO:     172.30.32.1:39460 - "GET /api/rss/status?t=1764878682202 HTTP/1.1" 200 OK
INFO:     172.30.32.1:53600 - "GET /api/rss/status?t=1764878719674 HTTP/1.1" 200 OK
INFO:     172.30.32.1:59878 - "GET /api/rss/status?t=1764878742203 HTTP/1.1" 200 OK
INFO:     172.30.32.1:48050 - "GET /api/rss/status?t=1764878779670 HTTP/1.1" 200 OK
INFO:     172.30.32.1:44876 - "GET /api/rss/status?t=1764878802190 HTTP/1.1" 200 OK
INFO:     172.30.32.1:58280 - "GET /api/rss/status?t=1764878839665 HTTP/1.1" 200 OK
INFO:     172.30.32.1:38368 - "GET /api/rss/status?t=1764878862198 HTTP/1.1" 200 OK
INFO:     172.30.32.1:50638 - "GET /api/rss/status?t=1764878922188 HTTP/1.1" 200 OK
INFO:     172.30.32.1:56832 - "GET /api/rss/status?t=1764878982189 HTTP/1.1" 200 OK
INFO:     172.30.32.1:36240 - "GET /api/rss/status?t=1764879042193 HTTP/1.1" 200 OK
INFO:PlexMover:Auto-refreshing RSS feed: HDO RSS
INFO:PlexMover:Fetching RSS: https://hd-olimpo.club/rss/5785.1e74c04b3cb6dd11abdac5b9bf4a315c
INFO:PlexMover:Processing 30 unique entries from RSS feeds (limit: 30)
INFO:PlexMover:Using TMDB ID 31352 → Exact match: 'Doraemon y el Imperio Maya' (2000)
INFO:PlexMover:Generated pseudo_hash for RSS: 'Doraemon y el Imperio Maya' (2000) -> ebc75996... from link: https://hd-olimpo.club/torrent/download/69526.1e74...
INFO:PlexMover:Movie 'Doraemon y el Imperio Maya' (2000) already exists in dashboard with hash 21776841... Skipping duplicate RSS entry.
INFO:PlexMover:Using TMDB ID 106164 → Exact match: 'Doraemon y el tren del tiempo' (1996)
INFO:PlexMover:Generated pseudo_hash for RSS: 'Doraemon y el tren del tiempo' (1996) -> 3bf27195... from link: https://hd-olimpo.club/torrent/download/69525.1e74...
INFO:PlexMover:Movie 'Doraemon y el tren del tiempo' (1996) already exists in dashboard with hash 06f575e8... Skipping duplicate RSS entry.
INFO:PlexMover:Using TMDB ID 1502147 → Exact match: 'Cariñena, vino del mar' (2025)
INFO:PlexMover:Generated pseudo_hash for RSS: 'Cariñena, vino del mar' (2025) -> e91e0ab8... from link: https://hd-olimpo.club/torrent/download/69523.1e74...
INFO:PlexMover:Movie 'Cariñena, vino del mar' (2025) already exists in dashboard with hash aebfaf1d... Skipping duplicate RSS entry.
INFO:PlexMover:Using TMDB ID 1287850 → Exact match: 'Hell Hole' (2024)
INFO:PlexMover:Generated pseudo_hash for RSS: 'Hell Hole' (2024) -> 94b60797... from link: https://hd-olimpo.club/torrent/download/69521.1e74...
INFO:PlexMover:Movie 'Hell Hole' (2024) already exists in dashboard with hash f41fe971... Skipping duplicate RSS entry.
INFO:PlexMover:Using TMDB ID 1441563 → Exact match: 'El secreto de Papá Noel' (2025)
INFO:PlexMover:Generated pseudo_hash for RSS: 'El secreto de Papá Noel' (2025) -> 60874283... from link: https://hd-olimpo.club/torrent/download/69517.1e74...
INFO:PlexMover:Movie 'El secreto de Papá Noel' (2025) is in ignored list. Skipping RSS entry and auto-download.
INFO:PlexMover:Using TMDB ID 48453 → Exact match: 'Concursante' (2007)
INFO:PlexMover:Generated pseudo_hash for RSS: 'Concursante' (2007) -> 2fffb0fd... from link: https://hd-olimpo.club/torrent/download/69498.1e74...
INFO:PlexMover:Movie 'Concursante' (2007) already exists in dashboard with hash 85157498... Skipping duplicate RSS entry.
INFO:PlexMover:Using TMDB ID 620639 → Exact match: 'La hija de un ladrón' (2019)
INFO:PlexMover:Generated pseudo_hash for RSS: 'La hija de un ladrón' (2019) -> c0c303e5... from link: https://hd-olimpo.club/torrent/download/69495.1e74...
INFO:PlexMover:Movie 'La hija de un ladrón' (2019) is in ignored list. Skipping RSS entry and auto-download.
INFO:PlexMover:Using TMDB ID 1261825 → Exact match: 'Oh. What. Fun.' (2025)
INFO:PlexMover:Generated pseudo_hash for RSS: 'Oh. What. Fun.' (2025) -> 11e9f219... from link: https://hd-olimpo.club/torrent/download/69493.1e74...
INFO:PlexMover:Movie 'Oh. What. Fun.' (2025) is in ignored list. Skipping RSS entry and auto-download.
INFO:PlexMover:Using TMDB ID 533533 → Exact match: 'TRON: Ares' (2025)
INFO:PlexMover:Generated pseudo_hash for RSS: 'TRON: Ares' (2025) -> 23074b75... from link: https://hd-olimpo.club/torrent/download/69471.1e74...
INFO:PlexMover:Movie 'TRON: Ares' (2025) is in ignored list. Skipping RSS entry and auto-download.
INFO:PlexMover:Using TMDB ID 772 → Exact match: 'Solo en casa 2: Perdido en Nueva York' (1992)
INFO:PlexMover:Generated pseudo_hash for RSS: 'Solo en casa 2: Perdido en Nueva York' (1992) -> a8e87ec6... from link: https://hd-olimpo.club/torrent/download/69462.1e74...
INFO:PlexMover:RSS movie 'Solo en casa 2: Perdido en Nueva York' (1992) already exists with exact hash a8e87ec6..., skipping
INFO:PlexMover:Using TMDB ID 74052 → Exact match: 'Yo soy la Juani' (2006)
INFO:PlexMover:Generated pseudo_hash for RSS: 'Yo soy la Juani' (2006) -> 02565351... from link: https://hd-olimpo.club/torrent/download/69461.1e74...
INFO:PlexMover:Movie 'Yo soy la Juani' (2006) is in ignored list. Skipping RSS entry and auto-download.
INFO:PlexMover:Using TMDB ID 8970 → Exact match: 'Forasteros en Nueva York' (1999)
INFO:PlexMover:Generated pseudo_hash for RSS: 'Forasteros en Nueva York' (1999) -> 0c29ce20... from link: https://hd-olimpo.club/torrent/download/69460.1e74...
INFO:PlexMover:RSS movie 'Forasteros en Nueva York' (1999) already exists with exact hash 0c29ce20..., skipping
INFO:PlexMover:Using TMDB ID 533533 → Exact match: 'TRON: Ares' (2025)
INFO:PlexMover:Generated pseudo_hash for RSS: 'TRON: Ares' (2025) -> b31a9c0a... from link: https://hd-olimpo.club/torrent/download/69441.1e74...
INFO:PlexMover:Movie 'TRON: Ares' (2025) is in ignored list. Skipping RSS entry and auto-download.
INFO:PlexMover:Using TMDB ID 1361854 → Exact match: 'Las delicias del jardín' (2025)
INFO:PlexMover:Generated pseudo_hash for RSS: 'Las delicias del jardín' (2025) -> db3ec3a6... from link: https://hd-olimpo.club/torrent/download/69436.1e74...
INFO:PlexMover:Movie 'Las delicias del jardín' (2025) is in ignored list. Skipping RSS entry and auto-download.
INFO:PlexMover:Using TMDB ID 1180831 → Exact match: 'Trol 2' (2025)
INFO:PlexMover:Generated pseudo_hash for RSS: 'Trol 2' (2025) -> 5a060fe1... from link: https://hd-olimpo.club/torrent/download/69428.1e74...
INFO:PlexMover:Movie 'Trol 2' (2025) is in ignored list. Skipping RSS entry and auto-download.
INFO:PlexMover:Using TMDB ID 605542 → Exact match: 'Perdidos en la noche' (2023)
INFO:PlexMover:Generated pseudo_hash for RSS: 'Perdidos en la noche' (2023) -> 0678582b... from link: https://hd-olimpo.club/torrent/download/69398.1e74...
INFO:PlexMover:Movie 'Perdidos en la noche' (2023) is in ignored list. Skipping RSS entry and auto-download.
INFO:PlexMover:Using TMDB ID 1002158 → Exact match: 'Rapaces' (2025)
INFO:PlexMover:Generated pseudo_hash for RSS: 'Rapaces' (2025) -> a27b10d5... from link: https://hd-olimpo.club/torrent/download/69390.1e74...
INFO:PlexMover:Movie 'Rapaces' (2025) is in ignored list. Skipping RSS entry and auto-download.
INFO:PlexMover:Using TMDB ID 1280282 → Exact match: 'La casa de muñecas de Gabby: La película' (2025)
INFO:PlexMover:Generated pseudo_hash for RSS: 'La casa de muñecas de Gabby: La película' (2025) -> 94c5eb5f... from link: https://hd-olimpo.club/torrent/download/69387.1e74...
INFO:PlexMover:RSS movie 'La casa de muñecas de Gabby: La película' (2025) already exists with exact hash 94c5eb5f..., skipping
INFO:PlexMover:Using TMDB ID 1151272 → Exact match: 'Sirāt' (2025)
INFO:PlexMover:Generated pseudo_hash for RSS: 'Sirāt' (2025) -> 40663c1d... from link: https://hd-olimpo.club/torrent/download/69350.1e74...
INFO:PlexMover:Movie 'Sirāt' (2025) is in ignored list. Skipping RSS entry and auto-download.
INFO:PlexMover:Using TMDB ID 640 → Exact match: 'Atrápame si puedes' (2002)
INFO:PlexMover:Generated pseudo_hash for RSS: 'Atrápame si puedes' (2002) -> 98401e83... from link: https://hd-olimpo.club/torrent/download/69344.1e74...
INFO:PlexMover:RSS movie 'Atrápame si puedes' (2002) already exists with exact hash 98401e83..., skipping
INFO:PlexMover:Using TMDB ID 1426968 → Exact match: 'Ya no quedan junglas' (2025)
INFO:PlexMover:Generated pseudo_hash for RSS: 'Ya no quedan junglas' (2025) -> af0c1828... from link: https://hd-olimpo.club/torrent/download/69336.1e74...
INFO:PlexMover:RSS movie 'Ya no quedan junglas' (2025) already exists with exact hash af0c1828..., skipping
INFO:PlexMover:Using TMDB ID 1469354 → Exact match: 'Cazadores de fronteras' (2025)
INFO:PlexMover:Generated pseudo_hash for RSS: 'Cazadores de fronteras' (2025) -> 3a29d3fa... from link: https://hd-olimpo.club/torrent/download/69330.1e74...
INFO:PlexMover:Movie 'Cazadores de fronteras' (2025) is in ignored list. Skipping RSS entry and auto-download.
INFO:PlexMover:Using TMDB ID 1218762 → Exact match: 'Un robo muy navideño' (2025)
INFO:PlexMover:Generated pseudo_hash for RSS: 'Un robo muy navideño' (2025) -> 3da2c19d... from link: https://hd-olimpo.club/torrent/download/69328.1e74...
INFO:PlexMover:RSS movie 'Un robo muy navideño' (2025) already exists with exact hash 3da2c19d..., skipping
INFO:PlexMover:Using TMDB ID 1196573 → Exact match: 'La educación de Polly McClusky' (2025)
INFO:PlexMover:Generated pseudo_hash for RSS: 'La educación de Polly McClusky' (2025) -> 6bc5d62d... from link: https://hd-olimpo.club/torrent/download/69324.1e74...
INFO:PlexMover:RSS movie 'La educación de Polly McClusky' (2025) already exists with exact hash 6bc5d62d..., skipping
INFO:PlexMover:Using TMDB ID 1522377 → Exact match: 'Dos mundos, un deseo' (2025)
INFO:PlexMover:Generated pseudo_hash for RSS: 'Dos mundos, un deseo' (2025) -> 1f6072e2... from link: https://hd-olimpo.club/torrent/download/69321.1e74...
INFO:PlexMover:Movie 'Dos mundos, un deseo' (2025) is in ignored list. Skipping RSS entry and auto-download.
INFO:PlexMover:Using TMDB ID 9260 → Exact match: 'Bienvenidos a Collinwood' (2002)
INFO:PlexMover:Generated pseudo_hash for RSS: 'Bienvenidos a Collinwood' (2002) -> d97a6eb9... from link: https://hd-olimpo.club/torrent/download/69308.1e74...
INFO:PlexMover:RSS movie 'Bienvenidos a Collinwood' (2002) already exists with exact hash d97a6eb9..., skipping
INFO:PlexMover:Using TMDB ID 1327862 → Exact match: 'A pesar de ti' (2025)
INFO:PlexMover:Generated pseudo_hash for RSS: 'A pesar de ti' (2025) -> 380ea8d5... from link: https://hd-olimpo.club/torrent/download/69285.1e74...
INFO:PlexMover:RSS movie 'A pesar de ti' (2025) already exists with exact hash 380ea8d5..., skipping
INFO:PlexMover:Using TMDB ID 1299655 → Exact match: 'Blue Moon' (2025)
INFO:PlexMover:Generated pseudo_hash for RSS: 'Blue Moon' (2025) -> 588658fb... from link: https://hd-olimpo.club/torrent/download/69283.1e74...
INFO:PlexMover:Movie 'Blue Moon' (2025) is in ignored list. Skipping RSS entry and auto-download.
INFO:PlexMover:Using TMDB ID 1340828 → Exact match: 'Mujercitas en Navidad' (2024)
INFO:PlexMover:Generated pseudo_hash for RSS: 'Mujercitas en Navidad' (2024) -> 4c0d5c4e... from link: https://hd-olimpo.club/torrent/download/69259.1e74...
INFO:PlexMover:Movie 'Mujercitas en Navidad' (2024) is in ignored list. Skipping RSS entry and auto-download.
INFO:PlexMover:Using TMDB ID 23168 → Exact match: 'The Town: Ciudad de ladrones' (2010)
INFO:PlexMover:Generated pseudo_hash for RSS: 'The Town: Ciudad de ladrones' (2010) -> 4cf0a040... from link: https://hd-olimpo.club/torrent/download/69248.1e74...
INFO:PlexMover:RSS movie 'The Town: Ciudad de ladrones' (2010) already exists with exact hash 4cf0a040..., skipping
INFO:PlexMover:RSS auto-refresh successful: Added 0 new movies from RSS
INFO:     172.30.32.1:60646 - "GET /api/rss/status?t=1764879102200 HTTP/1.1" 200 OK
INFO:     172.30.32.1:41732 - "GET /api/rss/status?t=1764879162192 HTTP/1.1" 200 OK
INFO:     172.30.32.1:45750 - "GET /api/rss/status?t=1764879222197 HTTP/1.1" 200 OK
INFO:     172.30.32.1:42952 - "GET /api/rss/status?t=1764879282198 HTTP/1.1" 200 OK
INFO:     172.30.32.1:53262 - "GET /api/rss/status?t=1764879342203 HTTP/1.1" 200 OK
INFO:PlexMover:Auto-refreshing RSS feed: HDO RSS
INFO:PlexMover:Fetching RSS: https://hd-olimpo.club/rss/5785.1e74c04b3cb6dd11abdac5b9bf4a315c
INFO:PlexMover:Processing 30 unique entries from RSS feeds (limit: 30)
INFO:PlexMover:Using TMDB ID 31352 → Exact match: 'Doraemon y el Imperio Maya' (2000)
INFO:PlexMover:Generated pseudo_hash for RSS: 'Doraemon y el Imperio Maya' (2000) -> ebc75996... from link: https://hd-olimpo.club/torrent/download/69526.1e74...
INFO:PlexMover:Movie 'Doraemon y el Imperio Maya' (2000) already exists in dashboard with hash 21776841... Skipping duplicate RSS entry.
INFO:PlexMover:Using TMDB ID 106164 → Exact match: 'Doraemon y el tren del tiempo' (1996)
INFO:PlexMover:Generated pseudo_hash for RSS: 'Doraemon y el tren del tiempo' (1996) -> 3bf27195... from link: https://hd-olimpo.club/torrent/download/69525.1e74...
INFO:PlexMover:Movie 'Doraemon y el tren del tiempo' (1996) already exists in dashboard with hash 06f575e8... Skipping duplicate RSS entry.
INFO:PlexMover:Using TMDB ID 1502147 → Exact match: 'Cariñena, vino del mar' (2025)
INFO:PlexMover:Generated pseudo_hash for RSS: 'Cariñena, vino del mar' (2025) -> e91e0ab8... from link: https://hd-olimpo.club/torrent/download/69523.1e74...
INFO:PlexMover:Movie 'Cariñena, vino del mar' (2025) already exists in dashboard with hash aebfaf1d... Skipping duplicate RSS entry.
INFO:PlexMover:Using TMDB ID 1287850 → Exact match: 'Hell Hole' (2024)
INFO:PlexMover:Generated pseudo_hash for RSS: 'Hell Hole' (2024) -> 94b60797... from link: https://hd-olimpo.club/torrent/download/69521.1e74...
INFO:PlexMover:Movie 'Hell Hole' (2024) already exists in dashboard with hash f41fe971... Skipping duplicate RSS entry.
INFO:PlexMover:Using TMDB ID 1441563 → Exact match: 'El secreto de Papá Noel' (2025)
INFO:PlexMover:Generated pseudo_hash for RSS: 'El secreto de Papá Noel' (2025) -> 60874283... from link: https://hd-olimpo.club/torrent/download/69517.1e74...
INFO:PlexMover:Movie 'El secreto de Papá Noel' (2025) is in ignored list. Skipping RSS entry and auto-download.
INFO:PlexMover:Using TMDB ID 48453 → Exact match: 'Concursante' (2007)
INFO:PlexMover:Generated pseudo_hash for RSS: 'Concursante' (2007) -> 2fffb0fd... from link: https://hd-olimpo.club/torrent/download/69498.1e74...
INFO:PlexMover:Movie 'Concursante' (2007) already exists in dashboard with hash 85157498... Skipping duplicate RSS entry.
INFO:PlexMover:Using TMDB ID 620639 → Exact match: 'La hija de un ladrón' (2019)
INFO:PlexMover:Generated pseudo_hash for RSS: 'La hija de un ladrón' (2019) -> c0c303e5... from link: https://hd-olimpo.club/torrent/download/69495.1e74...
INFO:PlexMover:Movie 'La hija de un ladrón' (2019) is in ignored list. Skipping RSS entry and auto-download.
INFO:PlexMover:Using TMDB ID 1261825 → Exact match: 'Oh. What. Fun.' (2025)
INFO:PlexMover:Generated pseudo_hash for RSS: 'Oh. What. Fun.' (2025) -> 11e9f219... from link: https://hd-olimpo.club/torrent/download/69493.1e74...
INFO:PlexMover:Movie 'Oh. What. Fun.' (2025) is in ignored list. Skipping RSS entry and auto-download.
INFO:PlexMover:Using TMDB ID 533533 → Exact match: 'TRON: Ares' (2025)
INFO:PlexMover:Generated pseudo_hash for RSS: 'TRON: Ares' (2025) -> 23074b75... from link: https://hd-olimpo.club/torrent/download/69471.1e74...
INFO:PlexMover:Movie 'TRON: Ares' (2025) is in ignored list. Skipping RSS entry and auto-download.
INFO:PlexMover:Using TMDB ID 772 → Exact match: 'Solo en casa 2: Perdido en Nueva York' (1992)
INFO:PlexMover:Generated pseudo_hash for RSS: 'Solo en casa 2: Perdido en Nueva York' (1992) -> a8e87ec6... from link: https://hd-olimpo.club/torrent/download/69462.1e74...
INFO:PlexMover:RSS movie 'Solo en casa 2: Perdido en Nueva York' (1992) already exists with exact hash a8e87ec6..., skipping
INFO:PlexMover:Using TMDB ID 74052 → Exact match: 'Yo soy la Juani' (2006)
INFO:PlexMover:Generated pseudo_hash for RSS: 'Yo soy la Juani' (2006) -> 02565351... from link: https://hd-olimpo.club/torrent/download/69461.1e74...
INFO:PlexMover:Movie 'Yo soy la Juani' (2006) is in ignored list. Skipping RSS entry and auto-download.
INFO:PlexMover:Using TMDB ID 8970 → Exact match: 'Forasteros en Nueva York' (1999)
INFO:PlexMover:Generated pseudo_hash for RSS: 'Forasteros en Nueva York' (1999) -> 0c29ce20... from link: https://hd-olimpo.club/torrent/download/69460.1e74...
INFO:PlexMover:RSS movie 'Forasteros en Nueva York' (1999) already exists with exact hash 0c29ce20..., skipping
INFO:PlexMover:Using TMDB ID 533533 → Exact match: 'TRON: Ares' (2025)
INFO:PlexMover:Generated pseudo_hash for RSS: 'TRON: Ares' (2025) -> b31a9c0a... from link: https://hd-olimpo.club/torrent/download/69441.1e74...
INFO:PlexMover:Movie 'TRON: Ares' (2025) is in ignored list. Skipping RSS entry and auto-download.
INFO:PlexMover:Using TMDB ID 1361854 → Exact match: 'Las delicias del jardín' (2025)
INFO:PlexMover:Generated pseudo_hash for RSS: 'Las delicias del jardín' (2025) -> db3ec3a6... from link: https://hd-olimpo.club/torrent/download/69436.1e74...
INFO:PlexMover:Movie 'Las delicias del jardín' (2025) is in ignored list. Skipping RSS entry and auto-download.
INFO:PlexMover:Using TMDB ID 1180831 → Exact match: 'Trol 2' (2025)
INFO:PlexMover:Generated pseudo_hash for RSS: 'Trol 2' (2025) -> 5a060fe1... from link: https://hd-olimpo.club/torrent/download/69428.1e74...
INFO:PlexMover:Movie 'Trol 2' (2025) is in ignored list. Skipping RSS entry and auto-download.
INFO:PlexMover:Using TMDB ID 605542 → Exact match: 'Perdidos en la noche' (2023)
INFO:PlexMover:Generated pseudo_hash for RSS: 'Perdidos en la noche' (2023) -> 0678582b... from link: https://hd-olimpo.club/torrent/download/69398.1e74...
INFO:PlexMover:Movie 'Perdidos en la noche' (2023) is in ignored list. Skipping RSS entry and auto-download.
INFO:PlexMover:Using TMDB ID 1002158 → Exact match: 'Rapaces' (2025)
INFO:PlexMover:Generated pseudo_hash for RSS: 'Rapaces' (2025) -> a27b10d5... from link: https://hd-olimpo.club/torrent/download/69390.1e74...
INFO:PlexMover:Movie 'Rapaces' (2025) is in ignored list. Skipping RSS entry and auto-download.
INFO:PlexMover:Using TMDB ID 1280282 → Exact match: 'La casa de muñecas de Gabby: La película' (2025)
INFO:PlexMover:Generated pseudo_hash for RSS: 'La casa de muñecas de Gabby: La película' (2025) -> 94c5eb5f... from link: https://hd-olimpo.club/torrent/download/69387.1e74...
INFO:PlexMover:RSS movie 'La casa de muñecas de Gabby: La película' (2025) already exists with exact hash 94c5eb5f..., skipping
INFO:PlexMover:Using TMDB ID 1151272 → Exact match: 'Sirāt' (2025)
INFO:PlexMover:Generated pseudo_hash for RSS: 'Sirāt' (2025) -> 40663c1d... from link: https://hd-olimpo.club/torrent/download/69350.1e74...
INFO:PlexMover:Movie 'Sirāt' (2025) is in ignored list. Skipping RSS entry and auto-download.
INFO:PlexMover:Using TMDB ID 640 → Exact match: 'Atrápame si puedes' (2002)
INFO:PlexMover:Generated pseudo_hash for RSS: 'Atrápame si puedes' (2002) -> 98401e83... from link: https://hd-olimpo.club/torrent/download/69344.1e74...
INFO:PlexMover:RSS movie 'Atrápame si puedes' (2002) already exists with exact hash 98401e83..., skipping
INFO:PlexMover:Using TMDB ID 1426968 → Exact match: 'Ya no quedan junglas' (2025)
INFO:PlexMover:Generated pseudo_hash for RSS: 'Ya no quedan junglas' (2025) -> af0c1828... from link: https://hd-olimpo.club/torrent/download/69336.1e74...
INFO:PlexMover:RSS movie 'Ya no quedan junglas' (2025) already exists with exact hash af0c1828..., skipping
INFO:PlexMover:Using TMDB ID 1469354 → Exact match: 'Cazadores de fronteras' (2025)
INFO:PlexMover:Generated pseudo_hash for RSS: 'Cazadores de fronteras' (2025) -> 3a29d3fa... from link: https://hd-olimpo.club/torrent/download/69330.1e74...
INFO:PlexMover:Movie 'Cazadores de fronteras' (2025) is in ignored list. Skipping RSS entry and auto-download.
INFO:PlexMover:Using TMDB ID 1218762 → Exact match: 'Un robo muy navideño' (2025)
INFO:PlexMover:Generated pseudo_hash for RSS: 'Un robo muy navideño' (2025) -> 3da2c19d... from link: https://hd-olimpo.club/torrent/download/69328.1e74...
INFO:PlexMover:RSS movie 'Un robo muy navideño' (2025) already exists with exact hash 3da2c19d..., skipping
INFO:PlexMover:Using TMDB ID 1196573 → Exact match: 'La educación de Polly McClusky' (2025)
INFO:PlexMover:Generated pseudo_hash for RSS: 'La educación de Polly McClusky' (2025) -> 6bc5d62d... from link: https://hd-olimpo.club/torrent/download/69324.1e74...
INFO:PlexMover:RSS movie 'La educación de Polly McClusky' (2025) already exists with exact hash 6bc5d62d..., skipping
INFO:PlexMover:Using TMDB ID 1522377 → Exact match: 'Dos mundos, un deseo' (2025)
INFO:PlexMover:Generated pseudo_hash for RSS: 'Dos mundos, un deseo' (2025) -> 1f6072e2... from link: https://hd-olimpo.club/torrent/download/69321.1e74...
INFO:PlexMover:Movie 'Dos mundos, un deseo' (2025) is in ignored list. Skipping RSS entry and auto-download.
INFO:PlexMover:Using TMDB ID 9260 → Exact match: 'Bienvenidos a Collinwood' (2002)
INFO:PlexMover:Generated pseudo_hash for RSS: 'Bienvenidos a Collinwood' (2002) -> d97a6eb9... from link: https://hd-olimpo.club/torrent/download/69308.1e74...
INFO:PlexMover:RSS movie 'Bienvenidos a Collinwood' (2002) already exists with exact hash d97a6eb9..., skipping
INFO:PlexMover:Using TMDB ID 1327862 → Exact match: 'A pesar de ti' (2025)
INFO:PlexMover:Generated pseudo_hash for RSS: 'A pesar de ti' (2025) -> 380ea8d5... from link: https://hd-olimpo.club/torrent/download/69285.1e74...
INFO:PlexMover:RSS movie 'A pesar de ti' (2025) already exists with exact hash 380ea8d5..., skipping
INFO:PlexMover:Using TMDB ID 1299655 → Exact match: 'Blue Moon' (2025)
INFO:PlexMover:Generated pseudo_hash for RSS: 'Blue Moon' (2025) -> 588658fb... from link: https://hd-olimpo.club/torrent/download/69283.1e74...
INFO:PlexMover:Movie 'Blue Moon' (2025) is in ignored list. Skipping RSS entry and auto-download.
INFO:PlexMover:Using TMDB ID 1340828 → Exact match: 'Mujercitas en Navidad' (2024)
INFO:PlexMover:Generated pseudo_hash for RSS: 'Mujercitas en Navidad' (2024) -> 4c0d5c4e... from link: https://hd-olimpo.club/torrent/download/69259.1e74...
INFO:PlexMover:Movie 'Mujercitas en Navidad' (2024) is in ignored list. Skipping RSS entry and auto-download.
INFO:PlexMover:Using TMDB ID 23168 → Exact match: 'The Town: Ciudad de ladrones' (2010)
INFO:PlexMover:Generated pseudo_hash for RSS: 'The Town: Ciudad de ladrones' (2010) -> 4cf0a040... from link: https://hd-olimpo.club/torrent/download/69248.1e74...
INFO:PlexMover:RSS movie 'The Town: Ciudad de ladrones' (2010) already exists with exact hash 4cf0a040..., skipping
INFO:PlexMover:RSS auto-refresh successful: Added 0 new movies from RSS
INFO:PlexMover:Auto-refreshing RSS feed: HDO RSS
INFO:PlexMover:Fetching RSS: https://hd-olimpo.club/rss/5785.1e74c04b3cb6dd11abdac5b9bf4a315c
INFO:PlexMover:Processing 30 unique entries from RSS feeds (limit: 30)
INFO:PlexMover:Using TMDB ID 31352 → Exact match: 'Doraemon y el Imperio Maya' (2000)
INFO:PlexMover:Generated pseudo_hash for RSS: 'Doraemon y el Imperio Maya' (2000) -> ebc75996... from link: https://hd-olimpo.club/torrent/download/69526.1e74...
INFO:PlexMover:Movie 'Doraemon y el Imperio Maya' (2000) already exists in dashboard with hash 21776841... Skipping duplicate RSS entry.
INFO:PlexMover:Using TMDB ID 106164 → Exact match: 'Doraemon y el tren del tiempo' (1996)
INFO:PlexMover:Generated pseudo_hash for RSS: 'Doraemon y el tren del tiempo' (1996) -> 3bf27195... from link: https://hd-olimpo.club/torrent/download/69525.1e74...
INFO:PlexMover:Movie 'Doraemon y el tren del tiempo' (1996) already exists in dashboard with hash 06f575e8... Skipping duplicate RSS entry.
INFO:PlexMover:Using TMDB ID 1502147 → Exact match: 'Cariñena, vino del mar' (2025)
INFO:PlexMover:Generated pseudo_hash for RSS: 'Cariñena, vino del mar' (2025) -> e91e0ab8... from link: https://hd-olimpo.club/torrent/download/69523.1e74...
INFO:PlexMover:Movie 'Cariñena, vino del mar' (2025) already exists in dashboard with hash aebfaf1d... Skipping duplicate RSS entry.
INFO:PlexMover:Using TMDB ID 1287850 → Exact match: 'Hell Hole' (2024)
INFO:PlexMover:Generated pseudo_hash for RSS: 'Hell Hole' (2024) -> 94b60797... from link: https://hd-olimpo.club/torrent/download/69521.1e74...
INFO:PlexMover:Movie 'Hell Hole' (2024) already exists in dashboard with hash f41fe971... Skipping duplicate RSS entry.
INFO:PlexMover:Using TMDB ID 1441563 → Exact match: 'El secreto de Papá Noel' (2025)
INFO:PlexMover:Generated pseudo_hash for RSS: 'El secreto de Papá Noel' (2025) -> 60874283... from link: https://hd-olimpo.club/torrent/download/69517.1e74...
INFO:PlexMover:Movie 'El secreto de Papá Noel' (2025) is in ignored list. Skipping RSS entry and auto-download.
INFO:PlexMover:Using TMDB ID 48453 → Exact match: 'Concursante' (2007)
INFO:PlexMover:Generated pseudo_hash for RSS: 'Concursante' (2007) -> 2fffb0fd... from link: https://hd-olimpo.club/torrent/download/69498.1e74...
INFO:PlexMover:Movie 'Concursante' (2007) already exists in dashboard with hash 85157498... Skipping duplicate RSS entry.
INFO:PlexMover:Using TMDB ID 620639 → Exact match: 'La hija de un ladrón' (2019)
INFO:PlexMover:Generated pseudo_hash for RSS: 'La hija de un ladrón' (2019) -> c0c303e5... from link: https://hd-olimpo.club/torrent/download/69495.1e74...
INFO:PlexMover:Movie 'La hija de un ladrón' (2019) is in ignored list. Skipping RSS entry and auto-download.
INFO:PlexMover:Using TMDB ID 1261825 → Exact match: 'Oh. What. Fun.' (2025)
INFO:PlexMover:Generated pseudo_hash for RSS: 'Oh. What. Fun.' (2025) -> 11e9f219... from link: https://hd-olimpo.club/torrent/download/69493.1e74...
INFO:PlexMover:Movie 'Oh. What. Fun.' (2025) is in ignored list. Skipping RSS entry and auto-download.
INFO:PlexMover:Using TMDB ID 533533 → Exact match: 'TRON: Ares' (2025)
INFO:PlexMover:Generated pseudo_hash for RSS: 'TRON: Ares' (2025) -> 23074b75... from link: https://hd-olimpo.club/torrent/download/69471.1e74...
INFO:PlexMover:Movie 'TRON: Ares' (2025) is in ignored list. Skipping RSS entry and auto-download.
INFO:PlexMover:Using TMDB ID 772 → Exact match: 'Solo en casa 2: Perdido en Nueva York' (1992)
INFO:PlexMover:Generated pseudo_hash for RSS: 'Solo en casa 2: Perdido en Nueva York' (1992) -> a8e87ec6... from link: https://hd-olimpo.club/torrent/download/69462.1e74...
INFO:PlexMover:RSS movie 'Solo en casa 2: Perdido en Nueva York' (1992) already exists with exact hash a8e87ec6..., skipping
INFO:PlexMover:Using TMDB ID 74052 → Exact match: 'Yo soy la Juani' (2006)
INFO:PlexMover:Generated pseudo_hash for RSS: 'Yo soy la Juani' (2006) -> 02565351... from link: https://hd-olimpo.club/torrent/download/69461.1e74...
INFO:PlexMover:Movie 'Yo soy la Juani' (2006) is in ignored list. Skipping RSS entry and auto-download.
INFO:PlexMover:Using TMDB ID 8970 → Exact match: 'Forasteros en Nueva York' (1999)
INFO:PlexMover:Generated pseudo_hash for RSS: 'Forasteros en Nueva York' (1999) -> 0c29ce20... from link: https://hd-olimpo.club/torrent/download/69460.1e74...
INFO:PlexMover:RSS movie 'Forasteros en Nueva York' (1999) already exists with exact hash 0c29ce20..., skipping
INFO:PlexMover:Using TMDB ID 533533 → Exact match: 'TRON: Ares' (2025)
INFO:PlexMover:Generated pseudo_hash for RSS: 'TRON: Ares' (2025) -> b31a9c0a... from link: https://hd-olimpo.club/torrent/download/69441.1e74...
INFO:PlexMover:Movie 'TRON: Ares' (2025) is in ignored list. Skipping RSS entry and auto-download.
INFO:PlexMover:Using TMDB ID 1361854 → Exact match: 'Las delicias del jardín' (2025)
INFO:PlexMover:Generated pseudo_hash for RSS: 'Las delicias del jardín' (2025) -> db3ec3a6... from link: https://hd-olimpo.club/torrent/download/69436.1e74...
INFO:PlexMover:Movie 'Las delicias del jardín' (2025) is in ignored list. Skipping RSS entry and auto-download.
INFO:PlexMover:Using TMDB ID 1180831 → Exact match: 'Trol 2' (2025)
INFO:PlexMover:Generated pseudo_hash for RSS: 'Trol 2' (2025) -> 5a060fe1... from link: https://hd-olimpo.club/torrent/download/69428.1e74...
INFO:PlexMover:Movie 'Trol 2' (2025) is in ignored list. Skipping RSS entry and auto-download.
INFO:PlexMover:Using TMDB ID 605542 → Exact match: 'Perdidos en la noche' (2023)
INFO:PlexMover:Generated pseudo_hash for RSS: 'Perdidos en la noche' (2023) -> 0678582b... from link: https://hd-olimpo.club/torrent/download/69398.1e74...
INFO:PlexMover:Movie 'Perdidos en la noche' (2023) is in ignored list. Skipping RSS entry and auto-download.
INFO:PlexMover:Using TMDB ID 1002158 → Exact match: 'Rapaces' (2025)
INFO:PlexMover:Generated pseudo_hash for RSS: 'Rapaces' (2025) -> a27b10d5... from link: https://hd-olimpo.club/torrent/download/69390.1e74...
INFO:PlexMover:Movie 'Rapaces' (2025) is in ignored list. Skipping RSS entry and auto-download.
INFO:PlexMover:Using TMDB ID 1280282 → Exact match: 'La casa de muñecas de Gabby: La película' (2025)
INFO:PlexMover:Generated pseudo_hash for RSS: 'La casa de muñecas de Gabby: La película' (2025) -> 94c5eb5f... from link: https://hd-olimpo.club/torrent/download/69387.1e74...
INFO:PlexMover:RSS movie 'La casa de muñecas de Gabby: La película' (2025) already exists with exact hash 94c5eb5f..., skipping
INFO:PlexMover:Using TMDB ID 1151272 → Exact match: 'Sirāt' (2025)
INFO:PlexMover:Generated pseudo_hash for RSS: 'Sirāt' (2025) -> 40663c1d... from link: https://hd-olimpo.club/torrent/download/69350.1e74...
INFO:PlexMover:Movie 'Sirāt' (2025) is in ignored list. Skipping RSS entry and auto-download.
INFO:PlexMover:Using TMDB ID 640 → Exact match: 'Atrápame si puedes' (2002)
INFO:PlexMover:Generated pseudo_hash for RSS: 'Atrápame si puedes' (2002) -> 98401e83... from link: https://hd-olimpo.club/torrent/download/69344.1e74...
INFO:PlexMover:RSS movie 'Atrápame si puedes' (2002) already exists with exact hash 98401e83..., skipping
INFO:PlexMover:Using TMDB ID 1426968 → Exact match: 'Ya no quedan junglas' (2025)
INFO:PlexMover:Generated pseudo_hash for RSS: 'Ya no quedan junglas' (2025) -> af0c1828... from link: https://hd-olimpo.club/torrent/download/69336.1e74...
INFO:PlexMover:RSS movie 'Ya no quedan junglas' (2025) already exists with exact hash af0c1828..., skipping
INFO:PlexMover:Using TMDB ID 1469354 → Exact match: 'Cazadores de fronteras' (2025)
INFO:PlexMover:Generated pseudo_hash for RSS: 'Cazadores de fronteras' (2025) -> 3a29d3fa... from link: https://hd-olimpo.club/torrent/download/69330.1e74...
INFO:PlexMover:Movie 'Cazadores de fronteras' (2025) is in ignored list. Skipping RSS entry and auto-download.
INFO:PlexMover:Using TMDB ID 1218762 → Exact match: 'Un robo muy navideño' (2025)
INFO:PlexMover:Generated pseudo_hash for RSS: 'Un robo muy navideño' (2025) -> 3da2c19d... from link: https://hd-olimpo.club/torrent/download/69328.1e74...
INFO:PlexMover:RSS movie 'Un robo muy navideño' (2025) already exists with exact hash 3da2c19d..., skipping
INFO:PlexMover:Using TMDB ID 1196573 → Exact match: 'La educación de Polly McClusky' (2025)
INFO:PlexMover:Generated pseudo_hash for RSS: 'La educación de Polly McClusky' (2025) -> 6bc5d62d... from link: https://hd-olimpo.club/torrent/download/69324.1e74...
INFO:PlexMover:RSS movie 'La educación de Polly McClusky' (2025) already exists with exact hash 6bc5d62d..., skipping
INFO:PlexMover:Using TMDB ID 1522377 → Exact match: 'Dos mundos, un deseo' (2025)
INFO:PlexMover:Generated pseudo_hash for RSS: 'Dos mundos, un deseo' (2025) -> 1f6072e2... from link: https://hd-olimpo.club/torrent/download/69321.1e74...
INFO:PlexMover:Movie 'Dos mundos, un deseo' (2025) is in ignored list. Skipping RSS entry and auto-download.
INFO:PlexMover:Using TMDB ID 9260 → Exact match: 'Bienvenidos a Collinwood' (2002)
INFO:PlexMover:Generated pseudo_hash for RSS: 'Bienvenidos a Collinwood' (2002) -> d97a6eb9... from link: https://hd-olimpo.club/torrent/download/69308.1e74...
INFO:PlexMover:RSS movie 'Bienvenidos a Collinwood' (2002) already exists with exact hash d97a6eb9..., skipping
INFO:PlexMover:Using TMDB ID 1327862 → Exact match: 'A pesar de ti' (2025)
INFO:PlexMover:Generated pseudo_hash for RSS: 'A pesar de ti' (2025) -> 380ea8d5... from link: https://hd-olimpo.club/torrent/download/69285.1e74...
INFO:PlexMover:RSS movie 'A pesar de ti' (2025) already exists with exact hash 380ea8d5..., skipping
INFO:PlexMover:Using TMDB ID 1299655 → Exact match: 'Blue Moon' (2025)
INFO:PlexMover:Generated pseudo_hash for RSS: 'Blue Moon' (2025) -> 588658fb... from link: https://hd-olimpo.club/torrent/download/69283.1e74...
INFO:PlexMover:Movie 'Blue Moon' (2025) is in ignored list. Skipping RSS entry and auto-download.
INFO:PlexMover:Using TMDB ID 1340828 → Exact match: 'Mujercitas en Navidad' (2024)
INFO:PlexMover:Generated pseudo_hash for RSS: 'Mujercitas en Navidad' (2024) -> 4c0d5c4e... from link: https://hd-olimpo.club/torrent/download/69259.1e74...
INFO:PlexMover:Movie 'Mujercitas en Navidad' (2024) is in ignored list. Skipping RSS entry and auto-download.
INFO:PlexMover:Using TMDB ID 23168 → Exact match: 'The Town: Ciudad de ladrones' (2010)
INFO:PlexMover:Generated pseudo_hash for RSS: 'The Town: Ciudad de ladrones' (2010) -> 4cf0a040... from link: https://hd-olimpo.club/torrent/download/69248.1e74...
INFO:PlexMover:RSS movie 'The Town: Ciudad de ladrones' (2010) already exists with exact hash 4cf0a040..., skipping
INFO:PlexMover:RSS auto-refresh successful: Added 0 new movies from RSS
INFO:PlexMover:Auto-refreshing RSS feed: HDO RSS
INFO:PlexMover:Fetching RSS: https://hd-olimpo.club/rss/5785.1e74c04b3cb6dd11abdac5b9bf4a315c
INFO:PlexMover:Processing 30 unique entries from RSS feeds (limit: 30)
INFO:PlexMover:Using TMDB ID 31352 → Exact match: 'Doraemon y el Imperio Maya' (2000)
INFO:PlexMover:Generated pseudo_hash for RSS: 'Doraemon y el Imperio Maya' (2000) -> ebc75996... from link: https://hd-olimpo.club/torrent/download/69526.1e74...
INFO:PlexMover:Movie 'Doraemon y el Imperio Maya' (2000) already exists in dashboard with hash 21776841... Skipping duplicate RSS entry.
INFO:PlexMover:Using TMDB ID 106164 → Exact match: 'Doraemon y el tren del tiempo' (1996)
INFO:PlexMover:Generated pseudo_hash for RSS: 'Doraemon y el tren del tiempo' (1996) -> 3bf27195... from link: https://hd-olimpo.club/torrent/download/69525.1e74...
INFO:PlexMover:Movie 'Doraemon y el tren del tiempo' (1996) already exists in dashboard with hash 06f575e8... Skipping duplicate RSS entry.
INFO:PlexMover:Using TMDB ID 1502147 → Exact match: 'Cariñena, vino del mar' (2025)
INFO:PlexMover:Generated pseudo_hash for RSS: 'Cariñena, vino del mar' (2025) -> e91e0ab8... from link: https://hd-olimpo.club/torrent/download/69523.1e74...
INFO:PlexMover:Movie 'Cariñena, vino del mar' (2025) already exists in dashboard with hash aebfaf1d... Skipping duplicate RSS entry.
INFO:PlexMover:Using TMDB ID 1287850 → Exact match: 'Hell Hole' (2024)
INFO:PlexMover:Generated pseudo_hash for RSS: 'Hell Hole' (2024) -> 94b60797... from link: https://hd-olimpo.club/torrent/download/69521.1e74...
INFO:PlexMover:Movie 'Hell Hole' (2024) already exists in dashboard with hash f41fe971... Skipping duplicate RSS entry.
INFO:PlexMover:Using TMDB ID 1441563 → Exact match: 'El secreto de Papá Noel' (2025)
INFO:PlexMover:Generated pseudo_hash for RSS: 'El secreto de Papá Noel' (2025) -> 60874283... from link: https://hd-olimpo.club/torrent/download/69517.1e74...
INFO:PlexMover:Movie 'El secreto de Papá Noel' (2025) is in ignored list. Skipping RSS entry and auto-download.
INFO:PlexMover:Using TMDB ID 48453 → Exact match: 'Concursante' (2007)
INFO:PlexMover:Generated pseudo_hash for RSS: 'Concursante' (2007) -> 2fffb0fd... from link: https://hd-olimpo.club/torrent/download/69498.1e74...
INFO:PlexMover:Movie 'Concursante' (2007) already exists in dashboard with hash 85157498... Skipping duplicate RSS entry.
INFO:PlexMover:Using TMDB ID 620639 → Exact match: 'La hija de un ladrón' (2019)
INFO:PlexMover:Generated pseudo_hash for RSS: 'La hija de un ladrón' (2019) -> c0c303e5... from link: https://hd-olimpo.club/torrent/download/69495.1e74...
INFO:PlexMover:Movie 'La hija de un ladrón' (2019) is in ignored list. Skipping RSS entry and auto-download.
INFO:PlexMover:Using TMDB ID 1261825 → Exact match: 'Oh. What. Fun.' (2025)
INFO:PlexMover:Generated pseudo_hash for RSS: 'Oh. What. Fun.' (2025) -> 11e9f219... from link: https://hd-olimpo.club/torrent/download/69493.1e74...
INFO:PlexMover:Movie 'Oh. What. Fun.' (2025) is in ignored list. Skipping RSS entry and auto-download.
INFO:PlexMover:Using TMDB ID 533533 → Exact match: 'TRON: Ares' (2025)
INFO:PlexMover:Generated pseudo_hash for RSS: 'TRON: Ares' (2025) -> 23074b75... from link: https://hd-olimpo.club/torrent/download/69471.1e74...
INFO:PlexMover:Movie 'TRON: Ares' (2025) is in ignored list. Skipping RSS entry and auto-download.
INFO:PlexMover:Using TMDB ID 772 → Exact match: 'Solo en casa 2: Perdido en Nueva York' (1992)
INFO:PlexMover:Generated pseudo_hash for RSS: 'Solo en casa 2: Perdido en Nueva York' (1992) -> a8e87ec6... from link: https://hd-olimpo.club/torrent/download/69462.1e74...
INFO:PlexMover:RSS movie 'Solo en casa 2: Perdido en Nueva York' (1992) already exists with exact hash a8e87ec6..., skipping
INFO:PlexMover:Using TMDB ID 74052 → Exact match: 'Yo soy la Juani' (2006)
INFO:PlexMover:Generated pseudo_hash for RSS: 'Yo soy la Juani' (2006) -> 02565351... from link: https://hd-olimpo.club/torrent/download/69461.1e74...
INFO:PlexMover:Movie 'Yo soy la Juani' (2006) is in ignored list. Skipping RSS entry and auto-download.
INFO:PlexMover:Using TMDB ID 8970 → Exact match: 'Forasteros en Nueva York' (1999)
INFO:PlexMover:Generated pseudo_hash for RSS: 'Forasteros en Nueva York' (1999) -> 0c29ce20... from link: https://hd-olimpo.club/torrent/download/69460.1e74...
INFO:PlexMover:RSS movie 'Forasteros en Nueva York' (1999) already exists with exact hash 0c29ce20..., skipping
INFO:PlexMover:Using TMDB ID 533533 → Exact match: 'TRON: Ares' (2025)
INFO:PlexMover:Generated pseudo_hash for RSS: 'TRON: Ares' (2025) -> b31a9c0a... from link: https://hd-olimpo.club/torrent/download/69441.1e74...
INFO:PlexMover:Movie 'TRON: Ares' (2025) is in ignored list. Skipping RSS entry and auto-download.
INFO:PlexMover:Using TMDB ID 1361854 → Exact match: 'Las delicias del jardín' (2025)
INFO:PlexMover:Generated pseudo_hash for RSS: 'Las delicias del jardín' (2025) -> db3ec3a6... from link: https://hd-olimpo.club/torrent/download/69436.1e74...
INFO:PlexMover:Movie 'Las delicias del jardín' (2025) is in ignored list. Skipping RSS entry and auto-download.
INFO:PlexMover:Using TMDB ID 1180831 → Exact match: 'Trol 2' (2025)
INFO:PlexMover:Generated pseudo_hash for RSS: 'Trol 2' (2025) -> 5a060fe1... from link: https://hd-olimpo.club/torrent/download/69428.1e74...
INFO:PlexMover:Movie 'Trol 2' (2025) is in ignored list. Skipping RSS entry and auto-download.
INFO:PlexMover:Using TMDB ID 605542 → Exact match: 'Perdidos en la noche' (2023)
INFO:PlexMover:Generated pseudo_hash for RSS: 'Perdidos en la noche' (2023) -> 0678582b... from link: https://hd-olimpo.club/torrent/download/69398.1e74...
INFO:PlexMover:Movie 'Perdidos en la noche' (2023) is in ignored list. Skipping RSS entry and auto-download.
INFO:PlexMover:Using TMDB ID 1002158 → Exact match: 'Rapaces' (2025)
INFO:PlexMover:Generated pseudo_hash for RSS: 'Rapaces' (2025) -> a27b10d5... from link: https://hd-olimpo.club/torrent/download/69390.1e74...
INFO:PlexMover:Movie 'Rapaces' (2025) is in ignored list. Skipping RSS entry and auto-download.
INFO:PlexMover:Using TMDB ID 1280282 → Exact match: 'La casa de muñecas de Gabby: La película' (2025)
INFO:PlexMover:Generated pseudo_hash for RSS: 'La casa de muñecas de Gabby: La película' (2025) -> 94c5eb5f... from link: https://hd-olimpo.club/torrent/download/69387.1e74...
INFO:PlexMover:RSS movie 'La casa de muñecas de Gabby: La película' (2025) already exists with exact hash 94c5eb5f..., skipping
INFO:PlexMover:Using TMDB ID 1151272 → Exact match: 'Sirāt' (2025)
INFO:PlexMover:Generated pseudo_hash for RSS: 'Sirāt' (2025) -> 40663c1d... from link: https://hd-olimpo.club/torrent/download/69350.1e74...
INFO:PlexMover:Movie 'Sirāt' (2025) is in ignored list. Skipping RSS entry and auto-download.
INFO:PlexMover:Using TMDB ID 640 → Exact match: 'Atrápame si puedes' (2002)
INFO:PlexMover:Generated pseudo_hash for RSS: 'Atrápame si puedes' (2002) -> 98401e83... from link: https://hd-olimpo.club/torrent/download/69344.1e74...
INFO:PlexMover:RSS movie 'Atrápame si puedes' (2002) already exists with exact hash 98401e83..., skipping
INFO:PlexMover:Using TMDB ID 1426968 → Exact match: 'Ya no quedan junglas' (2025)
INFO:PlexMover:Generated pseudo_hash for RSS: 'Ya no quedan junglas' (2025) -> af0c1828... from link: https://hd-olimpo.club/torrent/download/69336.1e74...
INFO:PlexMover:RSS movie 'Ya no quedan junglas' (2025) already exists with exact hash af0c1828..., skipping
INFO:PlexMover:Using TMDB ID 1469354 → Exact match: 'Cazadores de fronteras' (2025)
INFO:PlexMover:Generated pseudo_hash for RSS: 'Cazadores de fronteras' (2025) -> 3a29d3fa... from link: https://hd-olimpo.club/torrent/download/69330.1e74...
INFO:PlexMover:Movie 'Cazadores de fronteras' (2025) is in ignored list. Skipping RSS entry and auto-download.
INFO:PlexMover:Using TMDB ID 1218762 → Exact match: 'Un robo muy navideño' (2025)
INFO:PlexMover:Generated pseudo_hash for RSS: 'Un robo muy navideño' (2025) -> 3da2c19d... from link: https://hd-olimpo.club/torrent/download/69328.1e74...
INFO:PlexMover:RSS movie 'Un robo muy navideño' (2025) already exists with exact hash 3da2c19d..., skipping
INFO:PlexMover:Using TMDB ID 1196573 → Exact match: 'La educación de Polly McClusky' (2025)
INFO:PlexMover:Generated pseudo_hash for RSS: 'La educación de Polly McClusky' (2025) -> 6bc5d62d... from link: https://hd-olimpo.club/torrent/download/69324.1e74...
INFO:PlexMover:RSS movie 'La educación de Polly McClusky' (2025) already exists with exact hash 6bc5d62d..., skipping
INFO:PlexMover:Using TMDB ID 1522377 → Exact match: 'Dos mundos, un deseo' (2025)
INFO:PlexMover:Generated pseudo_hash for RSS: 'Dos mundos, un deseo' (2025) -> 1f6072e2... from link: https://hd-olimpo.club/torrent/download/69321.1e74...
INFO:PlexMover:Movie 'Dos mundos, un deseo' (2025) is in ignored list. Skipping RSS entry and auto-download.
INFO:PlexMover:Using TMDB ID 9260 → Exact match: 'Bienvenidos a Collinwood' (2002)
INFO:PlexMover:Generated pseudo_hash for RSS: 'Bienvenidos a Collinwood' (2002) -> d97a6eb9... from link: https://hd-olimpo.club/torrent/download/69308.1e74...
INFO:PlexMover:RSS movie 'Bienvenidos a Collinwood' (2002) already exists with exact hash d97a6eb9..., skipping
INFO:PlexMover:Using TMDB ID 1327862 → Exact match: 'A pesar de ti' (2025)
INFO:PlexMover:Generated pseudo_hash for RSS: 'A pesar de ti' (2025) -> 380ea8d5... from link: https://hd-olimpo.club/torrent/download/69285.1e74...
INFO:PlexMover:RSS movie 'A pesar de ti' (2025) already exists with exact hash 380ea8d5..., skipping
INFO:PlexMover:Using TMDB ID 1299655 → Exact match: 'Blue Moon' (2025)
INFO:PlexMover:Generated pseudo_hash for RSS: 'Blue Moon' (2025) -> 588658fb... from link: https://hd-olimpo.club/torrent/download/69283.1e74...
INFO:PlexMover:Movie 'Blue Moon' (2025) is in ignored list. Skipping RSS entry and auto-download.
INFO:PlexMover:Using TMDB ID 1340828 → Exact match: 'Mujercitas en Navidad' (2024)
INFO:PlexMover:Generated pseudo_hash for RSS: 'Mujercitas en Navidad' (2024) -> 4c0d5c4e... from link: https://hd-olimpo.club/torrent/download/69259.1e74...
INFO:PlexMover:Movie 'Mujercitas en Navidad' (2024) is in ignored list. Skipping RSS entry and auto-download.
INFO:PlexMover:Using TMDB ID 23168 → Exact match: 'The Town: Ciudad de ladrones' (2010)
INFO:PlexMover:Generated pseudo_hash for RSS: 'The Town: Ciudad de ladrones' (2010) -> 4cf0a040... from link: https://hd-olimpo.club/torrent/download/69248.1e74...
INFO:PlexMover:RSS movie 'The Town: Ciudad de ladrones' (2010) already exists with exact hash 4cf0a040..., skipping
INFO:PlexMover:RSS auto-refresh successful: Added 0 new movies from RSS
INFO:PlexMover:Auto-refreshing RSS feed: HDO RSS
INFO:PlexMover:Fetching RSS: https://hd-olimpo.club/rss/5785.1e74c04b3cb6dd11abdac5b9bf4a315c
INFO:PlexMover:Processing 30 unique entries from RSS feeds (limit: 30)
INFO:PlexMover:Using TMDB ID 31352 → Exact match: 'Doraemon y el Imperio Maya' (2000)
INFO:PlexMover:Generated pseudo_hash for RSS: 'Doraemon y el Imperio Maya' (2000) -> ebc75996... from link: https://hd-olimpo.club/torrent/download/69526.1e74...
INFO:PlexMover:Movie 'Doraemon y el Imperio Maya' (2000) already exists in dashboard with hash 21776841... Skipping duplicate RSS entry.
INFO:PlexMover:Using TMDB ID 106164 → Exact match: 'Doraemon y el tren del tiempo' (1996)
INFO:PlexMover:Generated pseudo_hash for RSS: 'Doraemon y el tren del tiempo' (1996) -> 3bf27195... from link: https://hd-olimpo.club/torrent/download/69525.1e74...
INFO:PlexMover:Movie 'Doraemon y el tren del tiempo' (1996) already exists in dashboard with hash 06f575e8... Skipping duplicate RSS entry.
INFO:PlexMover:Using TMDB ID 1502147 → Exact match: 'Cariñena, vino del mar' (2025)
INFO:PlexMover:Generated pseudo_hash for RSS: 'Cariñena, vino del mar' (2025) -> e91e0ab8... from link: https://hd-olimpo.club/torrent/download/69523.1e74...
INFO:PlexMover:Movie 'Cariñena, vino del mar' (2025) already exists in dashboard with hash aebfaf1d... Skipping duplicate RSS entry.
INFO:PlexMover:Using TMDB ID 1287850 → Exact match: 'Hell Hole' (2024)
INFO:PlexMover:Generated pseudo_hash for RSS: 'Hell Hole' (2024) -> 94b60797... from link: https://hd-olimpo.club/torrent/download/69521.1e74...
INFO:PlexMover:Movie 'Hell Hole' (2024) already exists in dashboard with hash f41fe971... Skipping duplicate RSS entry.
INFO:PlexMover:Using TMDB ID 1441563 → Exact match: 'El secreto de Papá Noel' (2025)
INFO:PlexMover:Generated pseudo_hash for RSS: 'El secreto de Papá Noel' (2025) -> 60874283... from link: https://hd-olimpo.club/torrent/download/69517.1e74...
INFO:PlexMover:Movie 'El secreto de Papá Noel' (2025) is in ignored list. Skipping RSS entry and auto-download.
INFO:PlexMover:Using TMDB ID 48453 → Exact match: 'Concursante' (2007)
INFO:PlexMover:Generated pseudo_hash for RSS: 'Concursante' (2007) -> 2fffb0fd... from link: https://hd-olimpo.club/torrent/download/69498.1e74...
INFO:PlexMover:Movie 'Concursante' (2007) already exists in dashboard with hash 85157498... Skipping duplicate RSS entry.
INFO:PlexMover:Using TMDB ID 620639 → Exact match: 'La hija de un ladrón' (2019)
INFO:PlexMover:Generated pseudo_hash for RSS: 'La hija de un ladrón' (2019) -> c0c303e5... from link: https://hd-olimpo.club/torrent/download/69495.1e74...
INFO:PlexMover:Movie 'La hija de un ladrón' (2019) is in ignored list. Skipping RSS entry and auto-download.
INFO:PlexMover:Using TMDB ID 1261825 → Exact match: 'Oh. What. Fun.' (2025)
INFO:PlexMover:Generated pseudo_hash for RSS: 'Oh. What. Fun.' (2025) -> 11e9f219... from link: https://hd-olimpo.club/torrent/download/69493.1e74...
INFO:PlexMover:Movie 'Oh. What. Fun.' (2025) is in ignored list. Skipping RSS entry and auto-download.
INFO:PlexMover:Using TMDB ID 533533 → Exact match: 'TRON: Ares' (2025)
INFO:PlexMover:Generated pseudo_hash for RSS: 'TRON: Ares' (2025) -> 23074b75... from link: https://hd-olimpo.club/torrent/download/69471.1e74...
INFO:PlexMover:Movie 'TRON: Ares' (2025) is in ignored list. Skipping RSS entry and auto-download.
INFO:PlexMover:Using TMDB ID 772 → Exact match: 'Solo en casa 2: Perdido en Nueva York' (1992)
INFO:PlexMover:Generated pseudo_hash for RSS: 'Solo en casa 2: Perdido en Nueva York' (1992) -> a8e87ec6... from link: https://hd-olimpo.club/torrent/download/69462.1e74...
INFO:PlexMover:RSS movie 'Solo en casa 2: Perdido en Nueva York' (1992) already exists with exact hash a8e87ec6..., skipping
INFO:PlexMover:Using TMDB ID 74052 → Exact match: 'Yo soy la Juani' (2006)
INFO:PlexMover:Generated pseudo_hash for RSS: 'Yo soy la Juani' (2006) -> 02565351... from link: https://hd-olimpo.club/torrent/download/69461.1e74...
INFO:PlexMover:Movie 'Yo soy la Juani' (2006) is in ignored list. Skipping RSS entry and auto-download.
INFO:PlexMover:Using TMDB ID 8970 → Exact match: 'Forasteros en Nueva York' (1999)
INFO:PlexMover:Generated pseudo_hash for RSS: 'Forasteros en Nueva York' (1999) -> 0c29ce20... from link: https://hd-olimpo.club/torrent/download/69460.1e74...
INFO:PlexMover:RSS movie 'Forasteros en Nueva York' (1999) already exists with exact hash 0c29ce20..., skipping
INFO:PlexMover:Using TMDB ID 533533 → Exact match: 'TRON: Ares' (2025)
INFO:PlexMover:Generated pseudo_hash for RSS: 'TRON: Ares' (2025) -> b31a9c0a... from link: https://hd-olimpo.club/torrent/download/69441.1e74...
INFO:PlexMover:Movie 'TRON: Ares' (2025) is in ignored list. Skipping RSS entry and auto-download.
INFO:PlexMover:Using TMDB ID 1361854 → Exact match: 'Las delicias del jardín' (2025)
INFO:PlexMover:Generated pseudo_hash for RSS: 'Las delicias del jardín' (2025) -> db3ec3a6... from link: https://hd-olimpo.club/torrent/download/69436.1e74...
INFO:PlexMover:Movie 'Las delicias del jardín' (2025) is in ignored list. Skipping RSS entry and auto-download.
INFO:PlexMover:Using TMDB ID 1180831 → Exact match: 'Trol 2' (2025)
INFO:PlexMover:Generated pseudo_hash for RSS: 'Trol 2' (2025) -> 5a060fe1... from link: https://hd-olimpo.club/torrent/download/69428.1e74...
INFO:PlexMover:Movie 'Trol 2' (2025) is in ignored list. Skipping RSS entry and auto-download.
INFO:PlexMover:Using TMDB ID 605542 → Exact match: 'Perdidos en la noche' (2023)
INFO:PlexMover:Generated pseudo_hash for RSS: 'Perdidos en la noche' (2023) -> 0678582b... from link: https://hd-olimpo.club/torrent/download/69398.1e74...
INFO:PlexMover:Movie 'Perdidos en la noche' (2023) is in ignored list. Skipping RSS entry and auto-download.
INFO:PlexMover:Using TMDB ID 1002158 → Exact match: 'Rapaces' (2025)
INFO:PlexMover:Generated pseudo_hash for RSS: 'Rapaces' (2025) -> a27b10d5... from link: https://hd-olimpo.club/torrent/download/69390.1e74...
INFO:PlexMover:Movie 'Rapaces' (2025) is in ignored list. Skipping RSS entry and auto-download.
INFO:PlexMover:Using TMDB ID 1280282 → Exact match: 'La casa de muñecas de Gabby: La película' (2025)
INFO:PlexMover:Generated pseudo_hash for RSS: 'La casa de muñecas de Gabby: La película' (2025) -> 94c5eb5f... from link: https://hd-olimpo.club/torrent/download/69387.1e74...
INFO:PlexMover:RSS movie 'La casa de muñecas de Gabby: La película' (2025) already exists with exact hash 94c5eb5f..., skipping
INFO:PlexMover:Using TMDB ID 1151272 → Exact match: 'Sirāt' (2025)
INFO:PlexMover:Generated pseudo_hash for RSS: 'Sirāt' (2025) -> 40663c1d... from link: https://hd-olimpo.club/torrent/download/69350.1e74...
INFO:PlexMover:Movie 'Sirāt' (2025) is in ignored list. Skipping RSS entry and auto-download.
INFO:PlexMover:Using TMDB ID 640 → Exact match: 'Atrápame si puedes' (2002)
INFO:PlexMover:Generated pseudo_hash for RSS: 'Atrápame si puedes' (2002) -> 98401e83... from link: https://hd-olimpo.club/torrent/download/69344.1e74...
INFO:PlexMover:RSS movie 'Atrápame si puedes' (2002) already exists with exact hash 98401e83..., skipping
INFO:PlexMover:Using TMDB ID 1426968 → Exact match: 'Ya no quedan junglas' (2025)
INFO:PlexMover:Generated pseudo_hash for RSS: 'Ya no quedan junglas' (2025) -> af0c1828... from link: https://hd-olimpo.club/torrent/download/69336.1e74...
INFO:PlexMover:RSS movie 'Ya no quedan junglas' (2025) already exists with exact hash af0c1828..., skipping
INFO:PlexMover:Using TMDB ID 1469354 → Exact match: 'Cazadores de fronteras' (2025)
INFO:PlexMover:Generated pseudo_hash for RSS: 'Cazadores de fronteras' (2025) -> 3a29d3fa... from link: https://hd-olimpo.club/torrent/download/69330.1e74...
INFO:PlexMover:Movie 'Cazadores de fronteras' (2025) is in ignored list. Skipping RSS entry and auto-download.
INFO:PlexMover:Using TMDB ID 1218762 → Exact match: 'Un robo muy navideño' (2025)
INFO:PlexMover:Generated pseudo_hash for RSS: 'Un robo muy navideño' (2025) -> 3da2c19d... from link: https://hd-olimpo.club/torrent/download/69328.1e74...
INFO:PlexMover:RSS movie 'Un robo muy navideño' (2025) already exists with exact hash 3da2c19d..., skipping
INFO:PlexMover:Using TMDB ID 1196573 → Exact match: 'La educación de Polly McClusky' (2025)
INFO:PlexMover:Generated pseudo_hash for RSS: 'La educación de Polly McClusky' (2025) -> 6bc5d62d... from link: https://hd-olimpo.club/torrent/download/69324.1e74...
INFO:PlexMover:RSS movie 'La educación de Polly McClusky' (2025) already exists with exact hash 6bc5d62d..., skipping
INFO:PlexMover:Using TMDB ID 1522377 → Exact match: 'Dos mundos, un deseo' (2025)
INFO:PlexMover:Generated pseudo_hash for RSS: 'Dos mundos, un deseo' (2025) -> 1f6072e2... from link: https://hd-olimpo.club/torrent/download/69321.1e74...
INFO:PlexMover:Movie 'Dos mundos, un deseo' (2025) is in ignored list. Skipping RSS entry and auto-download.
INFO:PlexMover:Using TMDB ID 9260 → Exact match: 'Bienvenidos a Collinwood' (2002)
INFO:PlexMover:Generated pseudo_hash for RSS: 'Bienvenidos a Collinwood' (2002) -> d97a6eb9... from link: https://hd-olimpo.club/torrent/download/69308.1e74...
INFO:PlexMover:RSS movie 'Bienvenidos a Collinwood' (2002) already exists with exact hash d97a6eb9..., skipping
INFO:PlexMover:Using TMDB ID 1327862 → Exact match: 'A pesar de ti' (2025)
INFO:PlexMover:Generated pseudo_hash for RSS: 'A pesar de ti' (2025) -> 380ea8d5... from link: https://hd-olimpo.club/torrent/download/69285.1e74...
INFO:PlexMover:RSS movie 'A pesar de ti' (2025) already exists with exact hash 380ea8d5..., skipping
INFO:PlexMover:Using TMDB ID 1299655 → Exact match: 'Blue Moon' (2025)
INFO:PlexMover:Generated pseudo_hash for RSS: 'Blue Moon' (2025) -> 588658fb... from link: https://hd-olimpo.club/torrent/download/69283.1e74...
INFO:PlexMover:Movie 'Blue Moon' (2025) is in ignored list. Skipping RSS entry and auto-download.
INFO:PlexMover:Using TMDB ID 1340828 → Exact match: 'Mujercitas en Navidad' (2024)
INFO:PlexMover:Generated pseudo_hash for RSS: 'Mujercitas en Navidad' (2024) -> 4c0d5c4e... from link: https://hd-olimpo.club/torrent/download/69259.1e74...
INFO:PlexMover:Movie 'Mujercitas en Navidad' (2024) is in ignored list. Skipping RSS entry and auto-download.
INFO:PlexMover:Using TMDB ID 23168 → Exact match: 'The Town: Ciudad de ladrones' (2010)
INFO:PlexMover:Generated pseudo_hash for RSS: 'The Town: Ciudad de ladrones' (2010) -> 4cf0a040... from link: https://hd-olimpo.club/torrent/download/69248.1e74...
INFO:PlexMover:RSS movie 'The Town: Ciudad de ladrones' (2010) already exists with exact hash 4cf0a040..., skipping
INFO:PlexMover:RSS auto-refresh successful: Added 0 new movies from RSS
INFO:PlexMover:Auto-refreshing RSS feed: HDO RSS
INFO:PlexMover:Fetching RSS: https://hd-olimpo.club/rss/5785.1e74c04b3cb6dd11abdac5b9bf4a315c
INFO:PlexMover:Processing 30 unique entries from RSS feeds (limit: 30)
INFO:PlexMover:Using TMDB ID 31352 → Exact match: 'Doraemon y el Imperio Maya' (2000)
INFO:PlexMover:Generated pseudo_hash for RSS: 'Doraemon y el Imperio Maya' (2000) -> ebc75996... from link: https://hd-olimpo.club/torrent/download/69526.1e74...
INFO:PlexMover:Movie 'Doraemon y el Imperio Maya' (2000) already exists in dashboard with hash 21776841... Skipping duplicate RSS entry.
INFO:PlexMover:Using TMDB ID 106164 → Exact match: 'Doraemon y el tren del tiempo' (1996)
INFO:PlexMover:Generated pseudo_hash for RSS: 'Doraemon y el tren del tiempo' (1996) -> 3bf27195... from link: https://hd-olimpo.club/torrent/download/69525.1e74...
INFO:PlexMover:Movie 'Doraemon y el tren del tiempo' (1996) already exists in dashboard with hash 06f575e8... Skipping duplicate RSS entry.
INFO:PlexMover:Using TMDB ID 1502147 → Exact match: 'Cariñena, vino del mar' (2025)
INFO:PlexMover:Generated pseudo_hash for RSS: 'Cariñena, vino del mar' (2025) -> e91e0ab8... from link: https://hd-olimpo.club/torrent/download/69523.1e74...
INFO:PlexMover:Movie 'Cariñena, vino del mar' (2025) already exists in dashboard with hash aebfaf1d... Skipping duplicate RSS entry.
INFO:PlexMover:Using TMDB ID 1287850 → Exact match: 'Hell Hole' (2024)
INFO:PlexMover:Generated pseudo_hash for RSS: 'Hell Hole' (2024) -> 94b60797... from link: https://hd-olimpo.club/torrent/download/69521.1e74...
INFO:PlexMover:Movie 'Hell Hole' (2024) already exists in dashboard with hash f41fe971... Skipping duplicate RSS entry.
INFO:PlexMover:Using TMDB ID 1441563 → Exact match: 'El secreto de Papá Noel' (2025)
INFO:PlexMover:Generated pseudo_hash for RSS: 'El secreto de Papá Noel' (2025) -> 60874283... from link: https://hd-olimpo.club/torrent/download/69517.1e74...
INFO:PlexMover:Movie 'El secreto de Papá Noel' (2025) is in ignored list. Skipping RSS entry and auto-download.
INFO:PlexMover:Using TMDB ID 48453 → Exact match: 'Concursante' (2007)
INFO:PlexMover:Generated pseudo_hash for RSS: 'Concursante' (2007) -> 2fffb0fd... from link: https://hd-olimpo.club/torrent/download/69498.1e74...
INFO:PlexMover:Movie 'Concursante' (2007) already exists in dashboard with hash 85157498... Skipping duplicate RSS entry.
INFO:PlexMover:Using TMDB ID 620639 → Exact match: 'La hija de un ladrón' (2019)
INFO:PlexMover:Generated pseudo_hash for RSS: 'La hija de un ladrón' (2019) -> c0c303e5... from link: https://hd-olimpo.club/torrent/download/69495.1e74...
INFO:PlexMover:Movie 'La hija de un ladrón' (2019) is in ignored list. Skipping RSS entry and auto-download.
INFO:PlexMover:Using TMDB ID 1261825 → Exact match: 'Oh. What. Fun.' (2025)
INFO:PlexMover:Generated pseudo_hash for RSS: 'Oh. What. Fun.' (2025) -> 11e9f219... from link: https://hd-olimpo.club/torrent/download/69493.1e74...
INFO:PlexMover:Movie 'Oh. What. Fun.' (2025) is in ignored list. Skipping RSS entry and auto-download.
INFO:PlexMover:Using TMDB ID 533533 → Exact match: 'TRON: Ares' (2025)
INFO:PlexMover:Generated pseudo_hash for RSS: 'TRON: Ares' (2025) -> 23074b75... from link: https://hd-olimpo.club/torrent/download/69471.1e74...
INFO:PlexMover:Movie 'TRON: Ares' (2025) is in ignored list. Skipping RSS entry and auto-download.
INFO:PlexMover:Using TMDB ID 772 → Exact match: 'Solo en casa 2: Perdido en Nueva York' (1992)
INFO:PlexMover:Generated pseudo_hash for RSS: 'Solo en casa 2: Perdido en Nueva York' (1992) -> a8e87ec6... from link: https://hd-olimpo.club/torrent/download/69462.1e74...
INFO:PlexMover:RSS movie 'Solo en casa 2: Perdido en Nueva York' (1992) already exists with exact hash a8e87ec6..., skipping
INFO:PlexMover:Using TMDB ID 74052 → Exact match: 'Yo soy la Juani' (2006)
INFO:PlexMover:Generated pseudo_hash for RSS: 'Yo soy la Juani' (2006) -> 02565351... from link: https://hd-olimpo.club/torrent/download/69461.1e74...
INFO:PlexMover:Movie 'Yo soy la Juani' (2006) is in ignored list. Skipping RSS entry and auto-download.
INFO:PlexMover:Using TMDB ID 8970 → Exact match: 'Forasteros en Nueva York' (1999)
INFO:PlexMover:Generated pseudo_hash for RSS: 'Forasteros en Nueva York' (1999) -> 0c29ce20... from link: https://hd-olimpo.club/torrent/download/69460.1e74...
INFO:PlexMover:RSS movie 'Forasteros en Nueva York' (1999) already exists with exact hash 0c29ce20..., skipping
INFO:PlexMover:Using TMDB ID 533533 → Exact match: 'TRON: Ares' (2025)
INFO:PlexMover:Generated pseudo_hash for RSS: 'TRON: Ares' (2025) -> b31a9c0a... from link: https://hd-olimpo.club/torrent/download/69441.1e74...
INFO:PlexMover:Movie 'TRON: Ares' (2025) is in ignored list. Skipping RSS entry and auto-download.
INFO:PlexMover:Using TMDB ID 1361854 → Exact match: 'Las delicias del jardín' (2025)
INFO:PlexMover:Generated pseudo_hash for RSS: 'Las delicias del jardín' (2025) -> db3ec3a6... from link: https://hd-olimpo.club/torrent/download/69436.1e74...
INFO:PlexMover:Movie 'Las delicias del jardín' (2025) is in ignored list. Skipping RSS entry and auto-download.
INFO:PlexMover:Using TMDB ID 1180831 → Exact match: 'Trol 2' (2025)
INFO:PlexMover:Generated pseudo_hash for RSS: 'Trol 2' (2025) -> 5a060fe1... from link: https://hd-olimpo.club/torrent/download/69428.1e74...
INFO:PlexMover:Movie 'Trol 2' (2025) is in ignored list. Skipping RSS entry and auto-download.
INFO:PlexMover:Using TMDB ID 605542 → Exact match: 'Perdidos en la noche' (2023)
INFO:PlexMover:Generated pseudo_hash for RSS: 'Perdidos en la noche' (2023) -> 0678582b... from link: https://hd-olimpo.club/torrent/download/69398.1e74...
INFO:PlexMover:Movie 'Perdidos en la noche' (2023) is in ignored list. Skipping RSS entry and auto-download.
INFO:PlexMover:Using TMDB ID 1002158 → Exact match: 'Rapaces' (2025)
INFO:PlexMover:Generated pseudo_hash for RSS: 'Rapaces' (2025) -> a27b10d5... from link: https://hd-olimpo.club/torrent/download/69390.1e74...
INFO:PlexMover:Movie 'Rapaces' (2025) is in ignored list. Skipping RSS entry and auto-download.
INFO:PlexMover:Using TMDB ID 1280282 → Exact match: 'La casa de muñecas de Gabby: La película' (2025)
INFO:PlexMover:Generated pseudo_hash for RSS: 'La casa de muñecas de Gabby: La película' (2025) -> 94c5eb5f... from link: https://hd-olimpo.club/torrent/download/69387.1e74...
INFO:PlexMover:RSS movie 'La casa de muñecas de Gabby: La película' (2025) already exists with exact hash 94c5eb5f..., skipping
INFO:PlexMover:Using TMDB ID 1151272 → Exact match: 'Sirāt' (2025)
INFO:PlexMover:Generated pseudo_hash for RSS: 'Sirāt' (2025) -> 40663c1d... from link: https://hd-olimpo.club/torrent/download/69350.1e74...
INFO:PlexMover:Movie 'Sirāt' (2025) is in ignored list. Skipping RSS entry and auto-download.
INFO:PlexMover:Using TMDB ID 640 → Exact match: 'Atrápame si puedes' (2002)
INFO:PlexMover:Generated pseudo_hash for RSS: 'Atrápame si puedes' (2002) -> 98401e83... from link: https://hd-olimpo.club/torrent/download/69344.1e74...
INFO:PlexMover:RSS movie 'Atrápame si puedes' (2002) already exists with exact hash 98401e83..., skipping
INFO:PlexMover:Using TMDB ID 1426968 → Exact match: 'Ya no quedan junglas' (2025)
INFO:PlexMover:Generated pseudo_hash for RSS: 'Ya no quedan junglas' (2025) -> af0c1828... from link: https://hd-olimpo.club/torrent/download/69336.1e74...
INFO:PlexMover:RSS movie 'Ya no quedan junglas' (2025) already exists with exact hash af0c1828..., skipping
INFO:PlexMover:Using TMDB ID 1469354 → Exact match: 'Cazadores de fronteras' (2025)
INFO:PlexMover:Generated pseudo_hash for RSS: 'Cazadores de fronteras' (2025) -> 3a29d3fa... from link: https://hd-olimpo.club/torrent/download/69330.1e74...
INFO:PlexMover:Movie 'Cazadores de fronteras' (2025) is in ignored list. Skipping RSS entry and auto-download.
INFO:PlexMover:Using TMDB ID 1218762 → Exact match: 'Un robo muy navideño' (2025)
INFO:PlexMover:Generated pseudo_hash for RSS: 'Un robo muy navideño' (2025) -> 3da2c19d... from link: https://hd-olimpo.club/torrent/download/69328.1e74...
INFO:PlexMover:RSS movie 'Un robo muy navideño' (2025) already exists with exact hash 3da2c19d..., skipping
INFO:PlexMover:Using TMDB ID 1196573 → Exact match: 'La educación de Polly McClusky' (2025)
INFO:PlexMover:Generated pseudo_hash for RSS: 'La educación de Polly McClusky' (2025) -> 6bc5d62d... from link: https://hd-olimpo.club/torrent/download/69324.1e74...
INFO:PlexMover:RSS movie 'La educación de Polly McClusky' (2025) already exists with exact hash 6bc5d62d..., skipping
INFO:PlexMover:Using TMDB ID 1522377 → Exact match: 'Dos mundos, un deseo' (2025)
INFO:PlexMover:Generated pseudo_hash for RSS: 'Dos mundos, un deseo' (2025) -> 1f6072e2... from link: https://hd-olimpo.club/torrent/download/69321.1e74...
INFO:PlexMover:Movie 'Dos mundos, un deseo' (2025) is in ignored list. Skipping RSS entry and auto-download.
INFO:PlexMover:Using TMDB ID 9260 → Exact match: 'Bienvenidos a Collinwood' (2002)
INFO:PlexMover:Generated pseudo_hash for RSS: 'Bienvenidos a Collinwood' (2002) -> d97a6eb9... from link: https://hd-olimpo.club/torrent/download/69308.1e74...
INFO:PlexMover:RSS movie 'Bienvenidos a Collinwood' (2002) already exists with exact hash d97a6eb9..., skipping
INFO:PlexMover:Using TMDB ID 1327862 → Exact match: 'A pesar de ti' (2025)
INFO:PlexMover:Generated pseudo_hash for RSS: 'A pesar de ti' (2025) -> 380ea8d5... from link: https://hd-olimpo.club/torrent/download/69285.1e74...
INFO:PlexMover:RSS movie 'A pesar de ti' (2025) already exists with exact hash 380ea8d5..., skipping
INFO:PlexMover:Using TMDB ID 1299655 → Exact match: 'Blue Moon' (2025)
INFO:PlexMover:Generated pseudo_hash for RSS: 'Blue Moon' (2025) -> 588658fb... from link: https://hd-olimpo.club/torrent/download/69283.1e74...
INFO:PlexMover:Movie 'Blue Moon' (2025) is in ignored list. Skipping RSS entry and auto-download.
INFO:PlexMover:Using TMDB ID 1340828 → Exact match: 'Mujercitas en Navidad' (2024)
INFO:PlexMover:Generated pseudo_hash for RSS: 'Mujercitas en Navidad' (2024) -> 4c0d5c4e... from link: https://hd-olimpo.club/torrent/download/69259.1e74...
INFO:PlexMover:Movie 'Mujercitas en Navidad' (2024) is in ignored list. Skipping RSS entry and auto-download.
INFO:PlexMover:Using TMDB ID 23168 → Exact match: 'The Town: Ciudad de ladrones' (2010)
INFO:PlexMover:Generated pseudo_hash for RSS: 'The Town: Ciudad de ladrones' (2010) -> 4cf0a040... from link: https://hd-olimpo.club/torrent/download/69248.1e74...
INFO:PlexMover:RSS movie 'The Town: Ciudad de ladrones' (2010) already exists with exact hash 4cf0a040..., skipping
INFO:PlexMover:RSS auto-refresh successful: Added 0 new movies from RSS
INFO:PlexMover:Auto-refreshing RSS feed: HDO RSS
INFO:PlexMover:Fetching RSS: https://hd-olimpo.club/rss/5785.1e74c04b3cb6dd11abdac5b9bf4a315c
INFO:PlexMover:Processing 30 unique entries from RSS feeds (limit: 30)
INFO:PlexMover:Using TMDB ID 31352 → Exact match: 'Doraemon y el Imperio Maya' (2000)
INFO:PlexMover:Generated pseudo_hash for RSS: 'Doraemon y el Imperio Maya' (2000) -> ebc75996... from link: https://hd-olimpo.club/torrent/download/69526.1e74...
INFO:PlexMover:Movie 'Doraemon y el Imperio Maya' (2000) already exists in dashboard with hash 21776841... Skipping duplicate RSS entry.
INFO:PlexMover:Using TMDB ID 106164 → Exact match: 'Doraemon y el tren del tiempo' (1996)
INFO:PlexMover:Generated pseudo_hash for RSS: 'Doraemon y el tren del tiempo' (1996) -> 3bf27195... from link: https://hd-olimpo.club/torrent/download/69525.1e74...
INFO:PlexMover:Movie 'Doraemon y el tren del tiempo' (1996) already exists in dashboard with hash 06f575e8... Skipping duplicate RSS entry.
INFO:PlexMover:Using TMDB ID 1502147 → Exact match: 'Cariñena, vino del mar' (2025)
INFO:PlexMover:Generated pseudo_hash for RSS: 'Cariñena, vino del mar' (2025) -> e91e0ab8... from link: https://hd-olimpo.club/torrent/download/69523.1e74...
INFO:PlexMover:Movie 'Cariñena, vino del mar' (2025) already exists in dashboard with hash aebfaf1d... Skipping duplicate RSS entry.
INFO:PlexMover:Using TMDB ID 1287850 → Exact match: 'Hell Hole' (2024)
INFO:PlexMover:Generated pseudo_hash for RSS: 'Hell Hole' (2024) -> 94b60797... from link: https://hd-olimpo.club/torrent/download/69521.1e74...
INFO:PlexMover:Movie 'Hell Hole' (2024) already exists in dashboard with hash f41fe971... Skipping duplicate RSS entry.
INFO:PlexMover:Using TMDB ID 1441563 → Exact match: 'El secreto de Papá Noel' (2025)
INFO:PlexMover:Generated pseudo_hash for RSS: 'El secreto de Papá Noel' (2025) -> 60874283... from link: https://hd-olimpo.club/torrent/download/69517.1e74...
INFO:PlexMover:Movie 'El secreto de Papá Noel' (2025) is in ignored list. Skipping RSS entry and auto-download.
INFO:PlexMover:Using TMDB ID 48453 → Exact match: 'Concursante' (2007)
INFO:PlexMover:Generated pseudo_hash for RSS: 'Concursante' (2007) -> 2fffb0fd... from link: https://hd-olimpo.club/torrent/download/69498.1e74...
INFO:PlexMover:Movie 'Concursante' (2007) already exists in dashboard with hash 85157498... Skipping duplicate RSS entry.
INFO:PlexMover:Using TMDB ID 620639 → Exact match: 'La hija de un ladrón' (2019)
INFO:PlexMover:Generated pseudo_hash for RSS: 'La hija de un ladrón' (2019) -> c0c303e5... from link: https://hd-olimpo.club/torrent/download/69495.1e74...
INFO:PlexMover:Movie 'La hija de un ladrón' (2019) is in ignored list. Skipping RSS entry and auto-download.
INFO:PlexMover:Using TMDB ID 1261825 → Exact match: 'Oh. What. Fun.' (2025)
INFO:PlexMover:Generated pseudo_hash for RSS: 'Oh. What. Fun.' (2025) -> 11e9f219... from link: https://hd-olimpo.club/torrent/download/69493.1e74...
INFO:PlexMover:Movie 'Oh. What. Fun.' (2025) is in ignored list. Skipping RSS entry and auto-download.
INFO:PlexMover:Using TMDB ID 533533 → Exact match: 'TRON: Ares' (2025)
INFO:PlexMover:Generated pseudo_hash for RSS: 'TRON: Ares' (2025) -> 23074b75... from link: https://hd-olimpo.club/torrent/download/69471.1e74...
INFO:PlexMover:Movie 'TRON: Ares' (2025) is in ignored list. Skipping RSS entry and auto-download.
INFO:PlexMover:Using TMDB ID 772 → Exact match: 'Solo en casa 2: Perdido en Nueva York' (1992)
INFO:PlexMover:Generated pseudo_hash for RSS: 'Solo en casa 2: Perdido en Nueva York' (1992) -> a8e87ec6... from link: https://hd-olimpo.club/torrent/download/69462.1e74...
INFO:PlexMover:RSS movie 'Solo en casa 2: Perdido en Nueva York' (1992) already exists with exact hash a8e87ec6..., skipping
INFO:PlexMover:Using TMDB ID 74052 → Exact match: 'Yo soy la Juani' (2006)
INFO:PlexMover:Generated pseudo_hash for RSS: 'Yo soy la Juani' (2006) -> 02565351... from link: https://hd-olimpo.club/torrent/download/69461.1e74...
INFO:PlexMover:Movie 'Yo soy la Juani' (2006) is in ignored list. Skipping RSS entry and auto-download.
INFO:PlexMover:Using TMDB ID 8970 → Exact match: 'Forasteros en Nueva York' (1999)
INFO:PlexMover:Generated pseudo_hash for RSS: 'Forasteros en Nueva York' (1999) -> 0c29ce20... from link: https://hd-olimpo.club/torrent/download/69460.1e74...
INFO:PlexMover:RSS movie 'Forasteros en Nueva York' (1999) already exists with exact hash 0c29ce20..., skipping
INFO:PlexMover:Using TMDB ID 533533 → Exact match: 'TRON: Ares' (2025)
INFO:PlexMover:Generated pseudo_hash for RSS: 'TRON: Ares' (2025) -> b31a9c0a... from link: https://hd-olimpo.club/torrent/download/69441.1e74...
INFO:PlexMover:Movie 'TRON: Ares' (2025) is in ignored list. Skipping RSS entry and auto-download.
INFO:PlexMover:Using TMDB ID 1361854 → Exact match: 'Las delicias del jardín' (2025)
INFO:PlexMover:Generated pseudo_hash for RSS: 'Las delicias del jardín' (2025) -> db3ec3a6... from link: https://hd-olimpo.club/torrent/download/69436.1e74...
INFO:PlexMover:Movie 'Las delicias del jardín' (2025) is in ignored list. Skipping RSS entry and auto-download.
INFO:PlexMover:Using TMDB ID 1180831 → Exact match: 'Trol 2' (2025)
INFO:PlexMover:Generated pseudo_hash for RSS: 'Trol 2' (2025) -> 5a060fe1... from link: https://hd-olimpo.club/torrent/download/69428.1e74...
INFO:PlexMover:Movie 'Trol 2' (2025) is in ignored list. Skipping RSS entry and auto-download.
INFO:PlexMover:Using TMDB ID 605542 → Exact match: 'Perdidos en la noche' (2023)
INFO:PlexMover:Generated pseudo_hash for RSS: 'Perdidos en la noche' (2023) -> 0678582b... from link: https://hd-olimpo.club/torrent/download/69398.1e74...
INFO:PlexMover:Movie 'Perdidos en la noche' (2023) is in ignored list. Skipping RSS entry and auto-download.
INFO:PlexMover:Using TMDB ID 1002158 → Exact match: 'Rapaces' (2025)
INFO:PlexMover:Generated pseudo_hash for RSS: 'Rapaces' (2025) -> a27b10d5... from link: https://hd-olimpo.club/torrent/download/69390.1e74...
INFO:PlexMover:Movie 'Rapaces' (2025) is in ignored list. Skipping RSS entry and auto-download.
INFO:PlexMover:Using TMDB ID 1280282 → Exact match: 'La casa de muñecas de Gabby: La película' (2025)
INFO:PlexMover:Generated pseudo_hash for RSS: 'La casa de muñecas de Gabby: La película' (2025) -> 94c5eb5f... from link: https://hd-olimpo.club/torrent/download/69387.1e74...
INFO:PlexMover:RSS movie 'La casa de muñecas de Gabby: La película' (2025) already exists with exact hash 94c5eb5f..., skipping
INFO:PlexMover:Using TMDB ID 1151272 → Exact match: 'Sirāt' (2025)
INFO:PlexMover:Generated pseudo_hash for RSS: 'Sirāt' (2025) -> 40663c1d... from link: https://hd-olimpo.club/torrent/download/69350.1e74...
INFO:PlexMover:Movie 'Sirāt' (2025) is in ignored list. Skipping RSS entry and auto-download.
INFO:PlexMover:Using TMDB ID 640 → Exact match: 'Atrápame si puedes' (2002)
INFO:PlexMover:Generated pseudo_hash for RSS: 'Atrápame si puedes' (2002) -> 98401e83... from link: https://hd-olimpo.club/torrent/download/69344.1e74...
INFO:PlexMover:RSS movie 'Atrápame si puedes' (2002) already exists with exact hash 98401e83..., skipping
INFO:PlexMover:Using TMDB ID 1426968 → Exact match: 'Ya no quedan junglas' (2025)
INFO:PlexMover:Generated pseudo_hash for RSS: 'Ya no quedan junglas' (2025) -> af0c1828... from link: https://hd-olimpo.club/torrent/download/69336.1e74...
INFO:PlexMover:RSS movie 'Ya no quedan junglas' (2025) already exists with exact hash af0c1828..., skipping
INFO:PlexMover:Using TMDB ID 1469354 → Exact match: 'Cazadores de fronteras' (2025)
INFO:PlexMover:Generated pseudo_hash for RSS: 'Cazadores de fronteras' (2025) -> 3a29d3fa... from link: https://hd-olimpo.club/torrent/download/69330.1e74...
INFO:PlexMover:Movie 'Cazadores de fronteras' (2025) is in ignored list. Skipping RSS entry and auto-download.
INFO:PlexMover:Using TMDB ID 1218762 → Exact match: 'Un robo muy navideño' (2025)
INFO:PlexMover:Generated pseudo_hash for RSS: 'Un robo muy navideño' (2025) -> 3da2c19d... from link: https://hd-olimpo.club/torrent/download/69328.1e74...
INFO:PlexMover:RSS movie 'Un robo muy navideño' (2025) already exists with exact hash 3da2c19d..., skipping
INFO:PlexMover:Using TMDB ID 1196573 → Exact match: 'La educación de Polly McClusky' (2025)
INFO:PlexMover:Generated pseudo_hash for RSS: 'La educación de Polly McClusky' (2025) -> 6bc5d62d... from link: https://hd-olimpo.club/torrent/download/69324.1e74...
INFO:PlexMover:RSS movie 'La educación de Polly McClusky' (2025) already exists with exact hash 6bc5d62d..., skipping
INFO:PlexMover:Using TMDB ID 1522377 → Exact match: 'Dos mundos, un deseo' (2025)
INFO:PlexMover:Generated pseudo_hash for RSS: 'Dos mundos, un deseo' (2025) -> 1f6072e2... from link: https://hd-olimpo.club/torrent/download/69321.1e74...
INFO:PlexMover:Movie 'Dos mundos, un deseo' (2025) is in ignored list. Skipping RSS entry and auto-download.
INFO:PlexMover:Using TMDB ID 9260 → Exact match: 'Bienvenidos a Collinwood' (2002)
INFO:PlexMover:Generated pseudo_hash for RSS: 'Bienvenidos a Collinwood' (2002) -> d97a6eb9... from link: https://hd-olimpo.club/torrent/download/69308.1e74...
INFO:PlexMover:RSS movie 'Bienvenidos a Collinwood' (2002) already exists with exact hash d97a6eb9..., skipping
INFO:PlexMover:Using TMDB ID 1327862 → Exact match: 'A pesar de ti' (2025)
INFO:PlexMover:Generated pseudo_hash for RSS: 'A pesar de ti' (2025) -> 380ea8d5... from link: https://hd-olimpo.club/torrent/download/69285.1e74...
INFO:PlexMover:RSS movie 'A pesar de ti' (2025) already exists with exact hash 380ea8d5..., skipping
INFO:PlexMover:Using TMDB ID 1299655 → Exact match: 'Blue Moon' (2025)
INFO:PlexMover:Generated pseudo_hash for RSS: 'Blue Moon' (2025) -> 588658fb... from link: https://hd-olimpo.club/torrent/download/69283.1e74...
INFO:PlexMover:Movie 'Blue Moon' (2025) is in ignored list. Skipping RSS entry and auto-download.
INFO:PlexMover:Using TMDB ID 1340828 → Exact match: 'Mujercitas en Navidad' (2024)
INFO:PlexMover:Generated pseudo_hash for RSS: 'Mujercitas en Navidad' (2024) -> 4c0d5c4e... from link: https://hd-olimpo.club/torrent/download/69259.1e74...
INFO:PlexMover:Movie 'Mujercitas en Navidad' (2024) is in ignored list. Skipping RSS entry and auto-download.
INFO:PlexMover:Using TMDB ID 23168 → Exact match: 'The Town: Ciudad de ladrones' (2010)
INFO:PlexMover:Generated pseudo_hash for RSS: 'The Town: Ciudad de ladrones' (2010) -> 4cf0a040... from link: https://hd-olimpo.club/torrent/download/69248.1e74...
INFO:PlexMover:RSS movie 'The Town: Ciudad de ladrones' (2010) already exists with exact hash 4cf0a040..., skipping
INFO:PlexMover:RSS auto-refresh successful: Added 0 new movies from RSS
INFO:PlexMover:Auto-refreshing RSS feed: HDO RSS
INFO:PlexMover:Fetching RSS: https://hd-olimpo.club/rss/5785.1e74c04b3cb6dd11abdac5b9bf4a315c
INFO:PlexMover:Processing 30 unique entries from RSS feeds (limit: 30)
INFO:PlexMover:Using TMDB ID 31352 → Exact match: 'Doraemon y el Imperio Maya' (2000)
INFO:PlexMover:Generated pseudo_hash for RSS: 'Doraemon y el Imperio Maya' (2000) -> ebc75996... from link: https://hd-olimpo.club/torrent/download/69526.1e74...
INFO:PlexMover:Movie 'Doraemon y el Imperio Maya' (2000) already exists in dashboard with hash 21776841... Skipping duplicate RSS entry.
INFO:PlexMover:Using TMDB ID 106164 → Exact match: 'Doraemon y el tren del tiempo' (1996)
INFO:PlexMover:Generated pseudo_hash for RSS: 'Doraemon y el tren del tiempo' (1996) -> 3bf27195... from link: https://hd-olimpo.club/torrent/download/69525.1e74...
INFO:PlexMover:Movie 'Doraemon y el tren del tiempo' (1996) already exists in dashboard with hash 06f575e8... Skipping duplicate RSS entry.
INFO:PlexMover:Using TMDB ID 1502147 → Exact match: 'Cariñena, vino del mar' (2025)
INFO:PlexMover:Generated pseudo_hash for RSS: 'Cariñena, vino del mar' (2025) -> e91e0ab8... from link: https://hd-olimpo.club/torrent/download/69523.1e74...
INFO:PlexMover:Movie 'Cariñena, vino del mar' (2025) already exists in dashboard with hash aebfaf1d... Skipping duplicate RSS entry.
INFO:PlexMover:Using TMDB ID 1287850 → Exact match: 'Hell Hole' (2024)
INFO:PlexMover:Generated pseudo_hash for RSS: 'Hell Hole' (2024) -> 94b60797... from link: https://hd-olimpo.club/torrent/download/69521.1e74...
INFO:PlexMover:Movie 'Hell Hole' (2024) already exists in dashboard with hash f41fe971... Skipping duplicate RSS entry.
INFO:PlexMover:Using TMDB ID 1441563 → Exact match: 'El secreto de Papá Noel' (2025)
INFO:PlexMover:Generated pseudo_hash for RSS: 'El secreto de Papá Noel' (2025) -> 60874283... from link: https://hd-olimpo.club/torrent/download/69517.1e74...
INFO:PlexMover:Movie 'El secreto de Papá Noel' (2025) is in ignored list. Skipping RSS entry and auto-download.
INFO:PlexMover:Using TMDB ID 48453 → Exact match: 'Concursante' (2007)
INFO:PlexMover:Generated pseudo_hash for RSS: 'Concursante' (2007) -> 2fffb0fd... from link: https://hd-olimpo.club/torrent/download/69498.1e74...
INFO:PlexMover:Movie 'Concursante' (2007) already exists in dashboard with hash 85157498... Skipping duplicate RSS entry.
INFO:PlexMover:Using TMDB ID 620639 → Exact match: 'La hija de un ladrón' (2019)
INFO:PlexMover:Generated pseudo_hash for RSS: 'La hija de un ladrón' (2019) -> c0c303e5... from link: https://hd-olimpo.club/torrent/download/69495.1e74...
INFO:PlexMover:Movie 'La hija de un ladrón' (2019) is in ignored list. Skipping RSS entry and auto-download.
INFO:PlexMover:Using TMDB ID 1261825 → Exact match: 'Oh. What. Fun.' (2025)
INFO:PlexMover:Generated pseudo_hash for RSS: 'Oh. What. Fun.' (2025) -> 11e9f219... from link: https://hd-olimpo.club/torrent/download/69493.1e74...
INFO:PlexMover:Movie 'Oh. What. Fun.' (2025) is in ignored list. Skipping RSS entry and auto-download.
INFO:PlexMover:Using TMDB ID 533533 → Exact match: 'TRON: Ares' (2025)
INFO:PlexMover:Generated pseudo_hash for RSS: 'TRON: Ares' (2025) -> 23074b75... from link: https://hd-olimpo.club/torrent/download/69471.1e74...
INFO:PlexMover:Movie 'TRON: Ares' (2025) is in ignored list. Skipping RSS entry and auto-download.
INFO:PlexMover:Using TMDB ID 772 → Exact match: 'Solo en casa 2: Perdido en Nueva York' (1992)
INFO:PlexMover:Generated pseudo_hash for RSS: 'Solo en casa 2: Perdido en Nueva York' (1992) -> a8e87ec6... from link: https://hd-olimpo.club/torrent/download/69462.1e74...
INFO:PlexMover:RSS movie 'Solo en casa 2: Perdido en Nueva York' (1992) already exists with exact hash a8e87ec6..., skipping
INFO:PlexMover:Using TMDB ID 74052 → Exact match: 'Yo soy la Juani' (2006)
INFO:PlexMover:Generated pseudo_hash for RSS: 'Yo soy la Juani' (2006) -> 02565351... from link: https://hd-olimpo.club/torrent/download/69461.1e74...
INFO:PlexMover:Movie 'Yo soy la Juani' (2006) is in ignored list. Skipping RSS entry and auto-download.
INFO:PlexMover:Using TMDB ID 8970 → Exact match: 'Forasteros en Nueva York' (1999)
INFO:PlexMover:Generated pseudo_hash for RSS: 'Forasteros en Nueva York' (1999) -> 0c29ce20... from link: https://hd-olimpo.club/torrent/download/69460.1e74...
INFO:PlexMover:RSS movie 'Forasteros en Nueva York' (1999) already exists with exact hash 0c29ce20..., skipping
INFO:PlexMover:Using TMDB ID 533533 → Exact match: 'TRON: Ares' (2025)
INFO:PlexMover:Generated pseudo_hash for RSS: 'TRON: Ares' (2025) -> b31a9c0a... from link: https://hd-olimpo.club/torrent/download/69441.1e74...
INFO:PlexMover:Movie 'TRON: Ares' (2025) is in ignored list. Skipping RSS entry and auto-download.
INFO:PlexMover:Using TMDB ID 1361854 → Exact match: 'Las delicias del jardín' (2025)
INFO:PlexMover:Generated pseudo_hash for RSS: 'Las delicias del jardín' (2025) -> db3ec3a6... from link: https://hd-olimpo.club/torrent/download/69436.1e74...
INFO:PlexMover:Movie 'Las delicias del jardín' (2025) is in ignored list. Skipping RSS entry and auto-download.
INFO:PlexMover:Using TMDB ID 1180831 → Exact match: 'Trol 2' (2025)
INFO:PlexMover:Generated pseudo_hash for RSS: 'Trol 2' (2025) -> 5a060fe1... from link: https://hd-olimpo.club/torrent/download/69428.1e74...
INFO:PlexMover:Movie 'Trol 2' (2025) is in ignored list. Skipping RSS entry and auto-download.
INFO:PlexMover:Using TMDB ID 605542 → Exact match: 'Perdidos en la noche' (2023)
INFO:PlexMover:Generated pseudo_hash for RSS: 'Perdidos en la noche' (2023) -> 0678582b... from link: https://hd-olimpo.club/torrent/download/69398.1e74...
INFO:PlexMover:Movie 'Perdidos en la noche' (2023) is in ignored list. Skipping RSS entry and auto-download.
INFO:PlexMover:Using TMDB ID 1002158 → Exact match: 'Rapaces' (2025)
INFO:PlexMover:Generated pseudo_hash for RSS: 'Rapaces' (2025) -> a27b10d5... from link: https://hd-olimpo.club/torrent/download/69390.1e74...
INFO:PlexMover:Movie 'Rapaces' (2025) is in ignored list. Skipping RSS entry and auto-download.
INFO:PlexMover:Using TMDB ID 1280282 → Exact match: 'La casa de muñecas de Gabby: La película' (2025)
INFO:PlexMover:Generated pseudo_hash for RSS: 'La casa de muñecas de Gabby: La película' (2025) -> 94c5eb5f... from link: https://hd-olimpo.club/torrent/download/69387.1e74...
INFO:PlexMover:RSS movie 'La casa de muñecas de Gabby: La película' (2025) already exists with exact hash 94c5eb5f..., skipping
INFO:PlexMover:Using TMDB ID 1151272 → Exact match: 'Sirāt' (2025)
INFO:PlexMover:Generated pseudo_hash for RSS: 'Sirāt' (2025) -> 40663c1d... from link: https://hd-olimpo.club/torrent/download/69350.1e74...
INFO:PlexMover:Movie 'Sirāt' (2025) is in ignored list. Skipping RSS entry and auto-download.
INFO:PlexMover:Using TMDB ID 640 → Exact match: 'Atrápame si puedes' (2002)
INFO:PlexMover:Generated pseudo_hash for RSS: 'Atrápame si puedes' (2002) -> 98401e83... from link: https://hd-olimpo.club/torrent/download/69344.1e74...
INFO:PlexMover:RSS movie 'Atrápame si puedes' (2002) already exists with exact hash 98401e83..., skipping
INFO:PlexMover:Using TMDB ID 1426968 → Exact match: 'Ya no quedan junglas' (2025)
INFO:PlexMover:Generated pseudo_hash for RSS: 'Ya no quedan junglas' (2025) -> af0c1828... from link: https://hd-olimpo.club/torrent/download/69336.1e74...
INFO:PlexMover:RSS movie 'Ya no quedan junglas' (2025) already exists with exact hash af0c1828..., skipping
INFO:PlexMover:Using TMDB ID 1469354 → Exact match: 'Cazadores de fronteras' (2025)
INFO:PlexMover:Generated pseudo_hash for RSS: 'Cazadores de fronteras' (2025) -> 3a29d3fa... from link: https://hd-olimpo.club/torrent/download/69330.1e74...
INFO:PlexMover:Movie 'Cazadores de fronteras' (2025) is in ignored list. Skipping RSS entry and auto-download.
INFO:PlexMover:Using TMDB ID 1218762 → Exact match: 'Un robo muy navideño' (2025)
INFO:PlexMover:Generated pseudo_hash for RSS: 'Un robo muy navideño' (2025) -> 3da2c19d... from link: https://hd-olimpo.club/torrent/download/69328.1e74...
INFO:PlexMover:RSS movie 'Un robo muy navideño' (2025) already exists with exact hash 3da2c19d..., skipping
INFO:PlexMover:Using TMDB ID 1196573 → Exact match: 'La educación de Polly McClusky' (2025)
INFO:PlexMover:Generated pseudo_hash for RSS: 'La educación de Polly McClusky' (2025) -> 6bc5d62d... from link: https://hd-olimpo.club/torrent/download/69324.1e74...
INFO:PlexMover:RSS movie 'La educación de Polly McClusky' (2025) already exists with exact hash 6bc5d62d..., skipping
INFO:PlexMover:Using TMDB ID 1522377 → Exact match: 'Dos mundos, un deseo' (2025)
INFO:PlexMover:Generated pseudo_hash for RSS: 'Dos mundos, un deseo' (2025) -> 1f6072e2... from link: https://hd-olimpo.club/torrent/download/69321.1e74...
INFO:PlexMover:Movie 'Dos mundos, un deseo' (2025) is in ignored list. Skipping RSS entry and auto-download.
INFO:PlexMover:Using TMDB ID 9260 → Exact match: 'Bienvenidos a Collinwood' (2002)
INFO:PlexMover:Generated pseudo_hash for RSS: 'Bienvenidos a Collinwood' (2002) -> d97a6eb9... from link: https://hd-olimpo.club/torrent/download/69308.1e74...
INFO:PlexMover:RSS movie 'Bienvenidos a Collinwood' (2002) already exists with exact hash d97a6eb9..., skipping
INFO:PlexMover:Using TMDB ID 1327862 → Exact match: 'A pesar de ti' (2025)
INFO:PlexMover:Generated pseudo_hash for RSS: 'A pesar de ti' (2025) -> 380ea8d5... from link: https://hd-olimpo.club/torrent/download/69285.1e74...
INFO:PlexMover:RSS movie 'A pesar de ti' (2025) already exists with exact hash 380ea8d5..., skipping
INFO:PlexMover:Using TMDB ID 1299655 → Exact match: 'Blue Moon' (2025)
INFO:PlexMover:Generated pseudo_hash for RSS: 'Blue Moon' (2025) -> 588658fb... from link: https://hd-olimpo.club/torrent/download/69283.1e74...
INFO:PlexMover:Movie 'Blue Moon' (2025) is in ignored list. Skipping RSS entry and auto-download.
INFO:PlexMover:Using TMDB ID 1340828 → Exact match: 'Mujercitas en Navidad' (2024)
INFO:PlexMover:Generated pseudo_hash for RSS: 'Mujercitas en Navidad' (2024) -> 4c0d5c4e... from link: https://hd-olimpo.club/torrent/download/69259.1e74...
INFO:PlexMover:Movie 'Mujercitas en Navidad' (2024) is in ignored list. Skipping RSS entry and auto-download.
INFO:PlexMover:Using TMDB ID 23168 → Exact match: 'The Town: Ciudad de ladrones' (2010)
INFO:PlexMover:Generated pseudo_hash for RSS: 'The Town: Ciudad de ladrones' (2010) -> 4cf0a040... from link: https://hd-olimpo.club/torrent/download/69248.1e74...
INFO:PlexMover:RSS movie 'The Town: Ciudad de ladrones' (2010) already exists with exact hash 4cf0a040..., skipping
INFO:PlexMover:RSS auto-refresh successful: Added 0 new movies from RSS
INFO:PlexMover:Auto-refreshing RSS feed: HDO RSS
INFO:PlexMover:Fetching RSS: https://hd-olimpo.club/rss/5785.1e74c04b3cb6dd11abdac5b9bf4a315c
INFO:PlexMover:Processing 30 unique entries from RSS feeds (limit: 30)
INFO:PlexMover:Using TMDB ID 31352 → Exact match: 'Doraemon y el Imperio Maya' (2000)
INFO:PlexMover:Generated pseudo_hash for RSS: 'Doraemon y el Imperio Maya' (2000) -> ebc75996... from link: https://hd-olimpo.club/torrent/download/69526.1e74...
INFO:PlexMover:Movie 'Doraemon y el Imperio Maya' (2000) already exists in dashboard with hash 21776841... Skipping duplicate RSS entry.
INFO:PlexMover:Using TMDB ID 106164 → Exact match: 'Doraemon y el tren del tiempo' (1996)
INFO:PlexMover:Generated pseudo_hash for RSS: 'Doraemon y el tren del tiempo' (1996) -> 3bf27195... from link: https://hd-olimpo.club/torrent/download/69525.1e74...
INFO:PlexMover:Movie 'Doraemon y el tren del tiempo' (1996) already exists in dashboard with hash 06f575e8... Skipping duplicate RSS entry.
INFO:PlexMover:Using TMDB ID 1502147 → Exact match: 'Cariñena, vino del mar' (2025)
INFO:PlexMover:Generated pseudo_hash for RSS: 'Cariñena, vino del mar' (2025) -> e91e0ab8... from link: https://hd-olimpo.club/torrent/download/69523.1e74...
INFO:PlexMover:Movie 'Cariñena, vino del mar' (2025) already exists in dashboard with hash aebfaf1d... Skipping duplicate RSS entry.
INFO:PlexMover:Using TMDB ID 1287850 → Exact match: 'Hell Hole' (2024)
INFO:PlexMover:Generated pseudo_hash for RSS: 'Hell Hole' (2024) -> 94b60797... from link: https://hd-olimpo.club/torrent/download/69521.1e74...
INFO:PlexMover:Movie 'Hell Hole' (2024) already exists in dashboard with hash f41fe971... Skipping duplicate RSS entry.
INFO:PlexMover:Using TMDB ID 1441563 → Exact match: 'El secreto de Papá Noel' (2025)
INFO:PlexMover:Generated pseudo_hash for RSS: 'El secreto de Papá Noel' (2025) -> 60874283... from link: https://hd-olimpo.club/torrent/download/69517.1e74...
INFO:PlexMover:Movie 'El secreto de Papá Noel' (2025) is in ignored list. Skipping RSS entry and auto-download.
INFO:PlexMover:Using TMDB ID 48453 → Exact match: 'Concursante' (2007)
INFO:PlexMover:Generated pseudo_hash for RSS: 'Concursante' (2007) -> 2fffb0fd... from link: https://hd-olimpo.club/torrent/download/69498.1e74...
INFO:PlexMover:Movie 'Concursante' (2007) already exists in dashboard with hash 85157498... Skipping duplicate RSS entry.
INFO:PlexMover:Using TMDB ID 620639 → Exact match: 'La hija de un ladrón' (2019)
INFO:PlexMover:Generated pseudo_hash for RSS: 'La hija de un ladrón' (2019) -> c0c303e5... from link: https://hd-olimpo.club/torrent/download/69495.1e74...
INFO:PlexMover:Movie 'La hija de un ladrón' (2019) is in ignored list. Skipping RSS entry and auto-download.
INFO:PlexMover:Using TMDB ID 1261825 → Exact match: 'Oh. What. Fun.' (2025)
INFO:PlexMover:Generated pseudo_hash for RSS: 'Oh. What. Fun.' (2025) -> 11e9f219... from link: https://hd-olimpo.club/torrent/download/69493.1e74...
INFO:PlexMover:Movie 'Oh. What. Fun.' (2025) is in ignored list. Skipping RSS entry and auto-download.
INFO:PlexMover:Using TMDB ID 533533 → Exact match: 'TRON: Ares' (2025)
INFO:PlexMover:Generated pseudo_hash for RSS: 'TRON: Ares' (2025) -> 23074b75... from link: https://hd-olimpo.club/torrent/download/69471.1e74...
INFO:PlexMover:Movie 'TRON: Ares' (2025) is in ignored list. Skipping RSS entry and auto-download.
INFO:PlexMover:Using TMDB ID 772 → Exact match: 'Solo en casa 2: Perdido en Nueva York' (1992)
INFO:PlexMover:Generated pseudo_hash for RSS: 'Solo en casa 2: Perdido en Nueva York' (1992) -> a8e87ec6... from link: https://hd-olimpo.club/torrent/download/69462.1e74...
INFO:PlexMover:RSS movie 'Solo en casa 2: Perdido en Nueva York' (1992) already exists with exact hash a8e87ec6..., skipping
INFO:PlexMover:Using TMDB ID 74052 → Exact match: 'Yo soy la Juani' (2006)
INFO:PlexMover:Generated pseudo_hash for RSS: 'Yo soy la Juani' (2006) -> 02565351... from link: https://hd-olimpo.club/torrent/download/69461.1e74...
INFO:PlexMover:Movie 'Yo soy la Juani' (2006) is in ignored list. Skipping RSS entry and auto-download.
INFO:PlexMover:Using TMDB ID 8970 → Exact match: 'Forasteros en Nueva York' (1999)
INFO:PlexMover:Generated pseudo_hash for RSS: 'Forasteros en Nueva York' (1999) -> 0c29ce20... from link: https://hd-olimpo.club/torrent/download/69460.1e74...
INFO:PlexMover:RSS movie 'Forasteros en Nueva York' (1999) already exists with exact hash 0c29ce20..., skipping
INFO:PlexMover:Using TMDB ID 533533 → Exact match: 'TRON: Ares' (2025)
INFO:PlexMover:Generated pseudo_hash for RSS: 'TRON: Ares' (2025) -> b31a9c0a... from link: https://hd-olimpo.club/torrent/download/69441.1e74...
INFO:PlexMover:Movie 'TRON: Ares' (2025) is in ignored list. Skipping RSS entry and auto-download.
INFO:PlexMover:Using TMDB ID 1361854 → Exact match: 'Las delicias del jardín' (2025)
INFO:PlexMover:Generated pseudo_hash for RSS: 'Las delicias del jardín' (2025) -> db3ec3a6... from link: https://hd-olimpo.club/torrent/download/69436.1e74...
INFO:PlexMover:Movie 'Las delicias del jardín' (2025) is in ignored list. Skipping RSS entry and auto-download.
INFO:PlexMover:Using TMDB ID 1180831 → Exact match: 'Trol 2' (2025)
INFO:PlexMover:Generated pseudo_hash for RSS: 'Trol 2' (2025) -> 5a060fe1... from link: https://hd-olimpo.club/torrent/download/69428.1e74...
INFO:PlexMover:Movie 'Trol 2' (2025) is in ignored list. Skipping RSS entry and auto-download.
INFO:PlexMover:Using TMDB ID 605542 → Exact match: 'Perdidos en la noche' (2023)
INFO:PlexMover:Generated pseudo_hash for RSS: 'Perdidos en la noche' (2023) -> 0678582b... from link: https://hd-olimpo.club/torrent/download/69398.1e74...
INFO:PlexMover:Movie 'Perdidos en la noche' (2023) is in ignored list. Skipping RSS entry and auto-download.
INFO:PlexMover:Using TMDB ID 1002158 → Exact match: 'Rapaces' (2025)
INFO:PlexMover:Generated pseudo_hash for RSS: 'Rapaces' (2025) -> a27b10d5... from link: https://hd-olimpo.club/torrent/download/69390.1e74...
INFO:PlexMover:Movie 'Rapaces' (2025) is in ignored list. Skipping RSS entry and auto-download.
INFO:PlexMover:Using TMDB ID 1280282 → Exact match: 'La casa de muñecas de Gabby: La película' (2025)
INFO:PlexMover:Generated pseudo_hash for RSS: 'La casa de muñecas de Gabby: La película' (2025) -> 94c5eb5f... from link: https://hd-olimpo.club/torrent/download/69387.1e74...
INFO:PlexMover:RSS movie 'La casa de muñecas de Gabby: La película' (2025) already exists with exact hash 94c5eb5f..., skipping
INFO:PlexMover:Using TMDB ID 1151272 → Exact match: 'Sirāt' (2025)
INFO:PlexMover:Generated pseudo_hash for RSS: 'Sirāt' (2025) -> 40663c1d... from link: https://hd-olimpo.club/torrent/download/69350.1e74...
INFO:PlexMover:Movie 'Sirāt' (2025) is in ignored list. Skipping RSS entry and auto-download.
INFO:PlexMover:Using TMDB ID 640 → Exact match: 'Atrápame si puedes' (2002)
INFO:PlexMover:Generated pseudo_hash for RSS: 'Atrápame si puedes' (2002) -> 98401e83... from link: https://hd-olimpo.club/torrent/download/69344.1e74...
INFO:PlexMover:RSS movie 'Atrápame si puedes' (2002) already exists with exact hash 98401e83..., skipping
INFO:PlexMover:Using TMDB ID 1426968 → Exact match: 'Ya no quedan junglas' (2025)
INFO:PlexMover:Generated pseudo_hash for RSS: 'Ya no quedan junglas' (2025) -> af0c1828... from link: https://hd-olimpo.club/torrent/download/69336.1e74...
INFO:PlexMover:RSS movie 'Ya no quedan junglas' (2025) already exists with exact hash af0c1828..., skipping
INFO:PlexMover:Using TMDB ID 1469354 → Exact match: 'Cazadores de fronteras' (2025)
INFO:PlexMover:Generated pseudo_hash for RSS: 'Cazadores de fronteras' (2025) -> 3a29d3fa... from link: https://hd-olimpo.club/torrent/download/69330.1e74...
INFO:PlexMover:Movie 'Cazadores de fronteras' (2025) is in ignored list. Skipping RSS entry and auto-download.
INFO:PlexMover:Using TMDB ID 1218762 → Exact match: 'Un robo muy navideño' (2025)
INFO:PlexMover:Generated pseudo_hash for RSS: 'Un robo muy navideño' (2025) -> 3da2c19d... from link: https://hd-olimpo.club/torrent/download/69328.1e74...
INFO:PlexMover:RSS movie 'Un robo muy navideño' (2025) already exists with exact hash 3da2c19d..., skipping
INFO:PlexMover:Using TMDB ID 1196573 → Exact match: 'La educación de Polly McClusky' (2025)
INFO:PlexMover:Generated pseudo_hash for RSS: 'La educación de Polly McClusky' (2025) -> 6bc5d62d... from link: https://hd-olimpo.club/torrent/download/69324.1e74...
INFO:PlexMover:RSS movie 'La educación de Polly McClusky' (2025) already exists with exact hash 6bc5d62d..., skipping
INFO:PlexMover:Using TMDB ID 1522377 → Exact match: 'Dos mundos, un deseo' (2025)
INFO:PlexMover:Generated pseudo_hash for RSS: 'Dos mundos, un deseo' (2025) -> 1f6072e2... from link: https://hd-olimpo.club/torrent/download/69321.1e74...
INFO:PlexMover:Movie 'Dos mundos, un deseo' (2025) is in ignored list. Skipping RSS entry and auto-download.
INFO:PlexMover:Using TMDB ID 9260 → Exact match: 'Bienvenidos a Collinwood' (2002)
INFO:PlexMover:Generated pseudo_hash for RSS: 'Bienvenidos a Collinwood' (2002) -> d97a6eb9... from link: https://hd-olimpo.club/torrent/download/69308.1e74...
INFO:PlexMover:RSS movie 'Bienvenidos a Collinwood' (2002) already exists with exact hash d97a6eb9..., skipping
INFO:PlexMover:Using TMDB ID 1327862 → Exact match: 'A pesar de ti' (2025)
INFO:PlexMover:Generated pseudo_hash for RSS: 'A pesar de ti' (2025) -> 380ea8d5... from link: https://hd-olimpo.club/torrent/download/69285.1e74...
INFO:PlexMover:RSS movie 'A pesar de ti' (2025) already exists with exact hash 380ea8d5..., skipping
INFO:PlexMover:Using TMDB ID 1299655 → Exact match: 'Blue Moon' (2025)
INFO:PlexMover:Generated pseudo_hash for RSS: 'Blue Moon' (2025) -> 588658fb... from link: https://hd-olimpo.club/torrent/download/69283.1e74...
INFO:PlexMover:Movie 'Blue Moon' (2025) is in ignored list. Skipping RSS entry and auto-download.
INFO:PlexMover:Using TMDB ID 1340828 → Exact match: 'Mujercitas en Navidad' (2024)
INFO:PlexMover:Generated pseudo_hash for RSS: 'Mujercitas en Navidad' (2024) -> 4c0d5c4e... from link: https://hd-olimpo.club/torrent/download/69259.1e74...
INFO:PlexMover:Movie 'Mujercitas en Navidad' (2024) is in ignored list. Skipping RSS entry and auto-download.
INFO:PlexMover:Using TMDB ID 23168 → Exact match: 'The Town: Ciudad de ladrones' (2010)
INFO:PlexMover:Generated pseudo_hash for RSS: 'The Town: Ciudad de ladrones' (2010) -> 4cf0a040... from link: https://hd-olimpo.club/torrent/download/69248.1e74...
INFO:PlexMover:RSS movie 'The Town: Ciudad de ladrones' (2010) already exists with exact hash 4cf0a040..., skipping
INFO:PlexMover:RSS auto-refresh successful: Added 0 new movies from RSS
INFO:PlexMover:Auto-refreshing RSS feed: HDO RSS
INFO:PlexMover:Fetching RSS: https://hd-olimpo.club/rss/5785.1e74c04b3cb6dd11abdac5b9bf4a315c
INFO:PlexMover:Processing 30 unique entries from RSS feeds (limit: 30)
INFO:PlexMover:Using TMDB ID 31352 → Exact match: 'Doraemon y el Imperio Maya' (2000)
INFO:PlexMover:Generated pseudo_hash for RSS: 'Doraemon y el Imperio Maya' (2000) -> ebc75996... from link: https://hd-olimpo.club/torrent/download/69526.1e74...
INFO:PlexMover:Movie 'Doraemon y el Imperio Maya' (2000) already exists in dashboard with hash 21776841... Skipping duplicate RSS entry.
INFO:PlexMover:Using TMDB ID 106164 → Exact match: 'Doraemon y el tren del tiempo' (1996)
INFO:PlexMover:Generated pseudo_hash for RSS: 'Doraemon y el tren del tiempo' (1996) -> 3bf27195... from link: https://hd-olimpo.club/torrent/download/69525.1e74...
INFO:PlexMover:Movie 'Doraemon y el tren del tiempo' (1996) already exists in dashboard with hash 06f575e8... Skipping duplicate RSS entry.
INFO:PlexMover:Using TMDB ID 1502147 → Exact match: 'Cariñena, vino del mar' (2025)
INFO:PlexMover:Generated pseudo_hash for RSS: 'Cariñena, vino del mar' (2025) -> e91e0ab8... from link: https://hd-olimpo.club/torrent/download/69523.1e74...
INFO:PlexMover:Movie 'Cariñena, vino del mar' (2025) already exists in dashboard with hash aebfaf1d... Skipping duplicate RSS entry.
INFO:PlexMover:Using TMDB ID 1287850 → Exact match: 'Hell Hole' (2024)
INFO:PlexMover:Generated pseudo_hash for RSS: 'Hell Hole' (2024) -> 94b60797... from link: https://hd-olimpo.club/torrent/download/69521.1e74...
INFO:PlexMover:Movie 'Hell Hole' (2024) already exists in dashboard with hash f41fe971... Skipping duplicate RSS entry.
INFO:PlexMover:Using TMDB ID 1441563 → Exact match: 'El secreto de Papá Noel' (2025)
INFO:PlexMover:Generated pseudo_hash for RSS: 'El secreto de Papá Noel' (2025) -> 60874283... from link: https://hd-olimpo.club/torrent/download/69517.1e74...
INFO:PlexMover:Movie 'El secreto de Papá Noel' (2025) is in ignored list. Skipping RSS entry and auto-download.
INFO:PlexMover:Using TMDB ID 48453 → Exact match: 'Concursante' (2007)
INFO:PlexMover:Generated pseudo_hash for RSS: 'Concursante' (2007) -> 2fffb0fd... from link: https://hd-olimpo.club/torrent/download/69498.1e74...
INFO:PlexMover:Movie 'Concursante' (2007) already exists in dashboard with hash 85157498... Skipping duplicate RSS entry.
INFO:PlexMover:Using TMDB ID 620639 → Exact match: 'La hija de un ladrón' (2019)
INFO:PlexMover:Generated pseudo_hash for RSS: 'La hija de un ladrón' (2019) -> c0c303e5... from link: https://hd-olimpo.club/torrent/download/69495.1e74...
INFO:PlexMover:Movie 'La hija de un ladrón' (2019) is in ignored list. Skipping RSS entry and auto-download.
INFO:PlexMover:Using TMDB ID 1261825 → Exact match: 'Oh. What. Fun.' (2025)
INFO:PlexMover:Generated pseudo_hash for RSS: 'Oh. What. Fun.' (2025) -> 11e9f219... from link: https://hd-olimpo.club/torrent/download/69493.1e74...
INFO:PlexMover:Movie 'Oh. What. Fun.' (2025) is in ignored list. Skipping RSS entry and auto-download.
INFO:PlexMover:Using TMDB ID 533533 → Exact match: 'TRON: Ares' (2025)
INFO:PlexMover:Generated pseudo_hash for RSS: 'TRON: Ares' (2025) -> 23074b75... from link: https://hd-olimpo.club/torrent/download/69471.1e74...
INFO:PlexMover:Movie 'TRON: Ares' (2025) is in ignored list. Skipping RSS entry and auto-download.
INFO:PlexMover:Using TMDB ID 772 → Exact match: 'Solo en casa 2: Perdido en Nueva York' (1992)
INFO:PlexMover:Generated pseudo_hash for RSS: 'Solo en casa 2: Perdido en Nueva York' (1992) -> a8e87ec6... from link: https://hd-olimpo.club/torrent/download/69462.1e74...
INFO:PlexMover:RSS movie 'Solo en casa 2: Perdido en Nueva York' (1992) already exists with exact hash a8e87ec6..., skipping
INFO:PlexMover:Using TMDB ID 74052 → Exact match: 'Yo soy la Juani' (2006)
INFO:PlexMover:Generated pseudo_hash for RSS: 'Yo soy la Juani' (2006) -> 02565351... from link: https://hd-olimpo.club/torrent/download/69461.1e74...
INFO:PlexMover:Movie 'Yo soy la Juani' (2006) is in ignored list. Skipping RSS entry and auto-download.
INFO:PlexMover:Using TMDB ID 8970 → Exact match: 'Forasteros en Nueva York' (1999)
INFO:PlexMover:Generated pseudo_hash for RSS: 'Forasteros en Nueva York' (1999) -> 0c29ce20... from link: https://hd-olimpo.club/torrent/download/69460.1e74...
INFO:PlexMover:RSS movie 'Forasteros en Nueva York' (1999) already exists with exact hash 0c29ce20..., skipping
INFO:PlexMover:Using TMDB ID 533533 → Exact match: 'TRON: Ares' (2025)
INFO:PlexMover:Generated pseudo_hash for RSS: 'TRON: Ares' (2025) -> b31a9c0a... from link: https://hd-olimpo.club/torrent/download/69441.1e74...
INFO:PlexMover:Movie 'TRON: Ares' (2025) is in ignored list. Skipping RSS entry and auto-download.
INFO:PlexMover:Using TMDB ID 1361854 → Exact match: 'Las delicias del jardín' (2025)
INFO:PlexMover:Generated pseudo_hash for RSS: 'Las delicias del jardín' (2025) -> db3ec3a6... from link: https://hd-olimpo.club/torrent/download/69436.1e74...
INFO:PlexMover:Movie 'Las delicias del jardín' (2025) is in ignored list. Skipping RSS entry and auto-download.
INFO:PlexMover:Using TMDB ID 1180831 → Exact match: 'Trol 2' (2025)
INFO:PlexMover:Generated pseudo_hash for RSS: 'Trol 2' (2025) -> 5a060fe1... from link: https://hd-olimpo.club/torrent/download/69428.1e74...
INFO:PlexMover:Movie 'Trol 2' (2025) is in ignored list. Skipping RSS entry and auto-download.
INFO:PlexMover:Using TMDB ID 605542 → Exact match: 'Perdidos en la noche' (2023)
INFO:PlexMover:Generated pseudo_hash for RSS: 'Perdidos en la noche' (2023) -> 0678582b... from link: https://hd-olimpo.club/torrent/download/69398.1e74...
INFO:PlexMover:Movie 'Perdidos en la noche' (2023) is in ignored list. Skipping RSS entry and auto-download.
INFO:PlexMover:Using TMDB ID 1002158 → Exact match: 'Rapaces' (2025)
INFO:PlexMover:Generated pseudo_hash for RSS: 'Rapaces' (2025) -> a27b10d5... from link: https://hd-olimpo.club/torrent/download/69390.1e74...
INFO:PlexMover:Movie 'Rapaces' (2025) is in ignored list. Skipping RSS entry and auto-download.
INFO:PlexMover:Using TMDB ID 1280282 → Exact match: 'La casa de muñecas de Gabby: La película' (2025)
INFO:PlexMover:Generated pseudo_hash for RSS: 'La casa de muñecas de Gabby: La película' (2025) -> 94c5eb5f... from link: https://hd-olimpo.club/torrent/download/69387.1e74...
INFO:PlexMover:RSS movie 'La casa de muñecas de Gabby: La película' (2025) already exists with exact hash 94c5eb5f..., skipping
INFO:PlexMover:Using TMDB ID 1151272 → Exact match: 'Sirāt' (2025)
INFO:PlexMover:Generated pseudo_hash for RSS: 'Sirāt' (2025) -> 40663c1d... from link: https://hd-olimpo.club/torrent/download/69350.1e74...
INFO:PlexMover:Movie 'Sirāt' (2025) is in ignored list. Skipping RSS entry and auto-download.
INFO:PlexMover:Using TMDB ID 640 → Exact match: 'Atrápame si puedes' (2002)
INFO:PlexMover:Generated pseudo_hash for RSS: 'Atrápame si puedes' (2002) -> 98401e83... from link: https://hd-olimpo.club/torrent/download/69344.1e74...
INFO:PlexMover:RSS movie 'Atrápame si puedes' (2002) already exists with exact hash 98401e83..., skipping
INFO:PlexMover:Using TMDB ID 1426968 → Exact match: 'Ya no quedan junglas' (2025)
INFO:PlexMover:Generated pseudo_hash for RSS: 'Ya no quedan junglas' (2025) -> af0c1828... from link: https://hd-olimpo.club/torrent/download/69336.1e74...
INFO:PlexMover:RSS movie 'Ya no quedan junglas' (2025) already exists with exact hash af0c1828..., skipping
INFO:PlexMover:Using TMDB ID 1469354 → Exact match: 'Cazadores de fronteras' (2025)
INFO:PlexMover:Generated pseudo_hash for RSS: 'Cazadores de fronteras' (2025) -> 3a29d3fa... from link: https://hd-olimpo.club/torrent/download/69330.1e74...
INFO:PlexMover:Movie 'Cazadores de fronteras' (2025) is in ignored list. Skipping RSS entry and auto-download.
INFO:PlexMover:Using TMDB ID 1218762 → Exact match: 'Un robo muy navideño' (2025)
INFO:PlexMover:Generated pseudo_hash for RSS: 'Un robo muy navideño' (2025) -> 3da2c19d... from link: https://hd-olimpo.club/torrent/download/69328.1e74...
INFO:PlexMover:RSS movie 'Un robo muy navideño' (2025) already exists with exact hash 3da2c19d..., skipping
INFO:PlexMover:Using TMDB ID 1196573 → Exact match: 'La educación de Polly McClusky' (2025)
INFO:PlexMover:Generated pseudo_hash for RSS: 'La educación de Polly McClusky' (2025) -> 6bc5d62d... from link: https://hd-olimpo.club/torrent/download/69324.1e74...
INFO:PlexMover:RSS movie 'La educación de Polly McClusky' (2025) already exists with exact hash 6bc5d62d..., skipping
INFO:PlexMover:Using TMDB ID 1522377 → Exact match: 'Dos mundos, un deseo' (2025)
INFO:PlexMover:Generated pseudo_hash for RSS: 'Dos mundos, un deseo' (2025) -> 1f6072e2... from link: https://hd-olimpo.club/torrent/download/69321.1e74...
INFO:PlexMover:Movie 'Dos mundos, un deseo' (2025) is in ignored list. Skipping RSS entry and auto-download.
INFO:PlexMover:Using TMDB ID 9260 → Exact match: 'Bienvenidos a Collinwood' (2002)
INFO:PlexMover:Generated pseudo_hash for RSS: 'Bienvenidos a Collinwood' (2002) -> d97a6eb9... from link: https://hd-olimpo.club/torrent/download/69308.1e74...
INFO:PlexMover:RSS movie 'Bienvenidos a Collinwood' (2002) already exists with exact hash d97a6eb9..., skipping
INFO:PlexMover:Using TMDB ID 1327862 → Exact match: 'A pesar de ti' (2025)
INFO:PlexMover:Generated pseudo_hash for RSS: 'A pesar de ti' (2025) -> 380ea8d5... from link: https://hd-olimpo.club/torrent/download/69285.1e74...
INFO:PlexMover:RSS movie 'A pesar de ti' (2025) already exists with exact hash 380ea8d5..., skipping
INFO:PlexMover:Using TMDB ID 1299655 → Exact match: 'Blue Moon' (2025)
INFO:PlexMover:Generated pseudo_hash for RSS: 'Blue Moon' (2025) -> 588658fb... from link: https://hd-olimpo.club/torrent/download/69283.1e74...
INFO:PlexMover:Movie 'Blue Moon' (2025) is in ignored list. Skipping RSS entry and auto-download.
INFO:PlexMover:Using TMDB ID 1340828 → Exact match: 'Mujercitas en Navidad' (2024)
INFO:PlexMover:Generated pseudo_hash for RSS: 'Mujercitas en Navidad' (2024) -> 4c0d5c4e... from link: https://hd-olimpo.club/torrent/download/69259.1e74...
INFO:PlexMover:Movie 'Mujercitas en Navidad' (2024) is in ignored list. Skipping RSS entry and auto-download.
INFO:PlexMover:Using TMDB ID 23168 → Exact match: 'The Town: Ciudad de ladrones' (2010)
INFO:PlexMover:Generated pseudo_hash for RSS: 'The Town: Ciudad de ladrones' (2010) -> 4cf0a040... from link: https://hd-olimpo.club/torrent/download/69248.1e74...
INFO:PlexMover:RSS movie 'The Town: Ciudad de ladrones' (2010) already exists with exact hash 4cf0a040..., skipping
INFO:PlexMover:RSS auto-refresh successful: Added 0 new movies from RSS
INFO:PlexMover:Auto-refreshing RSS feed: HDO RSS
INFO:PlexMover:Fetching RSS: https://hd-olimpo.club/rss/5785.1e74c04b3cb6dd11abdac5b9bf4a315c
INFO:PlexMover:Processing 30 unique entries from RSS feeds (limit: 30)
INFO:PlexMover:Using TMDB ID 31352 → Exact match: 'Doraemon y el Imperio Maya' (2000)
INFO:PlexMover:Generated pseudo_hash for RSS: 'Doraemon y el Imperio Maya' (2000) -> ebc75996... from link: https://hd-olimpo.club/torrent/download/69526.1e74...
INFO:PlexMover:Movie 'Doraemon y el Imperio Maya' (2000) already exists in dashboard with hash 21776841... Skipping duplicate RSS entry.
INFO:PlexMover:Using TMDB ID 106164 → Exact match: 'Doraemon y el tren del tiempo' (1996)
INFO:PlexMover:Generated pseudo_hash for RSS: 'Doraemon y el tren del tiempo' (1996) -> 3bf27195... from link: https://hd-olimpo.club/torrent/download/69525.1e74...
INFO:PlexMover:Movie 'Doraemon y el tren del tiempo' (1996) already exists in dashboard with hash 06f575e8... Skipping duplicate RSS entry.
INFO:PlexMover:Using TMDB ID 1502147 → Exact match: 'Cariñena, vino del mar' (2025)
INFO:PlexMover:Generated pseudo_hash for RSS: 'Cariñena, vino del mar' (2025) -> e91e0ab8... from link: https://hd-olimpo.club/torrent/download/69523.1e74...
INFO:PlexMover:Movie 'Cariñena, vino del mar' (2025) already exists in dashboard with hash aebfaf1d... Skipping duplicate RSS entry.
INFO:PlexMover:Using TMDB ID 1287850 → Exact match: 'Hell Hole' (2024)
INFO:PlexMover:Generated pseudo_hash for RSS: 'Hell Hole' (2024) -> 94b60797... from link: https://hd-olimpo.club/torrent/download/69521.1e74...
INFO:PlexMover:Movie 'Hell Hole' (2024) already exists in dashboard with hash f41fe971... Skipping duplicate RSS entry.
INFO:PlexMover:Using TMDB ID 1441563 → Exact match: 'El secreto de Papá Noel' (2025)
INFO:PlexMover:Generated pseudo_hash for RSS: 'El secreto de Papá Noel' (2025) -> 60874283... from link: https://hd-olimpo.club/torrent/download/69517.1e74...
INFO:PlexMover:Movie 'El secreto de Papá Noel' (2025) is in ignored list. Skipping RSS entry and auto-download.
INFO:PlexMover:Using TMDB ID 48453 → Exact match: 'Concursante' (2007)
INFO:PlexMover:Generated pseudo_hash for RSS: 'Concursante' (2007) -> 2fffb0fd... from link: https://hd-olimpo.club/torrent/download/69498.1e74...
INFO:PlexMover:Movie 'Concursante' (2007) already exists in dashboard with hash 85157498... Skipping duplicate RSS entry.
INFO:PlexMover:Using TMDB ID 620639 → Exact match: 'La hija de un ladrón' (2019)
INFO:PlexMover:Generated pseudo_hash for RSS: 'La hija de un ladrón' (2019) -> c0c303e5... from link: https://hd-olimpo.club/torrent/download/69495.1e74...
INFO:PlexMover:Movie 'La hija de un ladrón' (2019) is in ignored list. Skipping RSS entry and auto-download.
INFO:PlexMover:Using TMDB ID 1261825 → Exact match: 'Oh. What. Fun.' (2025)
INFO:PlexMover:Generated pseudo_hash for RSS: 'Oh. What. Fun.' (2025) -> 11e9f219... from link: https://hd-olimpo.club/torrent/download/69493.1e74...
INFO:PlexMover:Movie 'Oh. What. Fun.' (2025) is in ignored list. Skipping RSS entry and auto-download.
INFO:PlexMover:Using TMDB ID 533533 → Exact match: 'TRON: Ares' (2025)
INFO:PlexMover:Generated pseudo_hash for RSS: 'TRON: Ares' (2025) -> 23074b75... from link: https://hd-olimpo.club/torrent/download/69471.1e74...
INFO:PlexMover:Movie 'TRON: Ares' (2025) is in ignored list. Skipping RSS entry and auto-download.
INFO:PlexMover:Using TMDB ID 772 → Exact match: 'Solo en casa 2: Perdido en Nueva York' (1992)
INFO:PlexMover:Generated pseudo_hash for RSS: 'Solo en casa 2: Perdido en Nueva York' (1992) -> a8e87ec6... from link: https://hd-olimpo.club/torrent/download/69462.1e74...
INFO:PlexMover:RSS movie 'Solo en casa 2: Perdido en Nueva York' (1992) already exists with exact hash a8e87ec6..., skipping
INFO:PlexMover:Using TMDB ID 74052 → Exact match: 'Yo soy la Juani' (2006)
INFO:PlexMover:Generated pseudo_hash for RSS: 'Yo soy la Juani' (2006) -> 02565351... from link: https://hd-olimpo.club/torrent/download/69461.1e74...
INFO:PlexMover:Movie 'Yo soy la Juani' (2006) is in ignored list. Skipping RSS entry and auto-download.
INFO:PlexMover:Using TMDB ID 8970 → Exact match: 'Forasteros en Nueva York' (1999)
INFO:PlexMover:Generated pseudo_hash for RSS: 'Forasteros en Nueva York' (1999) -> 0c29ce20... from link: https://hd-olimpo.club/torrent/download/69460.1e74...
INFO:PlexMover:RSS movie 'Forasteros en Nueva York' (1999) already exists with exact hash 0c29ce20..., skipping
INFO:PlexMover:Using TMDB ID 533533 → Exact match: 'TRON: Ares' (2025)
INFO:PlexMover:Generated pseudo_hash for RSS: 'TRON: Ares' (2025) -> b31a9c0a... from link: https://hd-olimpo.club/torrent/download/69441.1e74...
INFO:PlexMover:Movie 'TRON: Ares' (2025) is in ignored list. Skipping RSS entry and auto-download.
INFO:PlexMover:Using TMDB ID 1361854 → Exact match: 'Las delicias del jardín' (2025)
INFO:PlexMover:Generated pseudo_hash for RSS: 'Las delicias del jardín' (2025) -> db3ec3a6... from link: https://hd-olimpo.club/torrent/download/69436.1e74...
INFO:PlexMover:Movie 'Las delicias del jardín' (2025) is in ignored list. Skipping RSS entry and auto-download.
INFO:PlexMover:Using TMDB ID 1180831 → Exact match: 'Trol 2' (2025)
INFO:PlexMover:Generated pseudo_hash for RSS: 'Trol 2' (2025) -> 5a060fe1... from link: https://hd-olimpo.club/torrent/download/69428.1e74...
INFO:PlexMover:Movie 'Trol 2' (2025) is in ignored list. Skipping RSS entry and auto-download.
INFO:PlexMover:Using TMDB ID 605542 → Exact match: 'Perdidos en la noche' (2023)
INFO:PlexMover:Generated pseudo_hash for RSS: 'Perdidos en la noche' (2023) -> 0678582b... from link: https://hd-olimpo.club/torrent/download/69398.1e74...
INFO:PlexMover:Movie 'Perdidos en la noche' (2023) is in ignored list. Skipping RSS entry and auto-download.
INFO:PlexMover:Using TMDB ID 1002158 → Exact match: 'Rapaces' (2025)
INFO:PlexMover:Generated pseudo_hash for RSS: 'Rapaces' (2025) -> a27b10d5... from link: https://hd-olimpo.club/torrent/download/69390.1e74...
INFO:PlexMover:Movie 'Rapaces' (2025) is in ignored list. Skipping RSS entry and auto-download.
INFO:PlexMover:Using TMDB ID 1280282 → Exact match: 'La casa de muñecas de Gabby: La película' (2025)
INFO:PlexMover:Generated pseudo_hash for RSS: 'La casa de muñecas de Gabby: La película' (2025) -> 94c5eb5f... from link: https://hd-olimpo.club/torrent/download/69387.1e74...
INFO:PlexMover:RSS movie 'La casa de muñecas de Gabby: La película' (2025) already exists with exact hash 94c5eb5f..., skipping
INFO:PlexMover:Using TMDB ID 1151272 → Exact match: 'Sirāt' (2025)
INFO:PlexMover:Generated pseudo_hash for RSS: 'Sirāt' (2025) -> 40663c1d... from link: https://hd-olimpo.club/torrent/download/69350.1e74...
INFO:PlexMover:Movie 'Sirāt' (2025) is in ignored list. Skipping RSS entry and auto-download.
INFO:PlexMover:Using TMDB ID 640 → Exact match: 'Atrápame si puedes' (2002)
INFO:PlexMover:Generated pseudo_hash for RSS: 'Atrápame si puedes' (2002) -> 98401e83... from link: https://hd-olimpo.club/torrent/download/69344.1e74...
INFO:PlexMover:RSS movie 'Atrápame si puedes' (2002) already exists with exact hash 98401e83..., skipping
INFO:PlexMover:Using TMDB ID 1426968 → Exact match: 'Ya no quedan junglas' (2025)
INFO:PlexMover:Generated pseudo_hash for RSS: 'Ya no quedan junglas' (2025) -> af0c1828... from link: https://hd-olimpo.club/torrent/download/69336.1e74...
INFO:PlexMover:RSS movie 'Ya no quedan junglas' (2025) already exists with exact hash af0c1828..., skipping
INFO:PlexMover:Using TMDB ID 1469354 → Exact match: 'Cazadores de fronteras' (2025)
INFO:PlexMover:Generated pseudo_hash for RSS: 'Cazadores de fronteras' (2025) -> 3a29d3fa... from link: https://hd-olimpo.club/torrent/download/69330.1e74...
INFO:PlexMover:Movie 'Cazadores de fronteras' (2025) is in ignored list. Skipping RSS entry and auto-download.
INFO:PlexMover:Using TMDB ID 1218762 → Exact match: 'Un robo muy navideño' (2025)
INFO:PlexMover:Generated pseudo_hash for RSS: 'Un robo muy navideño' (2025) -> 3da2c19d... from link: https://hd-olimpo.club/torrent/download/69328.1e74...
INFO:PlexMover:RSS movie 'Un robo muy navideño' (2025) already exists with exact hash 3da2c19d..., skipping
INFO:PlexMover:Using TMDB ID 1196573 → Exact match: 'La educación de Polly McClusky' (2025)
INFO:PlexMover:Generated pseudo_hash for RSS: 'La educación de Polly McClusky' (2025) -> 6bc5d62d... from link: https://hd-olimpo.club/torrent/download/69324.1e74...
INFO:PlexMover:RSS movie 'La educación de Polly McClusky' (2025) already exists with exact hash 6bc5d62d..., skipping
INFO:PlexMover:Using TMDB ID 1522377 → Exact match: 'Dos mundos, un deseo' (2025)
INFO:PlexMover:Generated pseudo_hash for RSS: 'Dos mundos, un deseo' (2025) -> 1f6072e2... from link: https://hd-olimpo.club/torrent/download/69321.1e74...
INFO:PlexMover:Movie 'Dos mundos, un deseo' (2025) is in ignored list. Skipping RSS entry and auto-download.
INFO:PlexMover:Using TMDB ID 9260 → Exact match: 'Bienvenidos a Collinwood' (2002)
INFO:PlexMover:Generated pseudo_hash for RSS: 'Bienvenidos a Collinwood' (2002) -> d97a6eb9... from link: https://hd-olimpo.club/torrent/download/69308.1e74...
INFO:PlexMover:RSS movie 'Bienvenidos a Collinwood' (2002) already exists with exact hash d97a6eb9..., skipping
INFO:PlexMover:Using TMDB ID 1327862 → Exact match: 'A pesar de ti' (2025)
INFO:PlexMover:Generated pseudo_hash for RSS: 'A pesar de ti' (2025) -> 380ea8d5... from link: https://hd-olimpo.club/torrent/download/69285.1e74...
INFO:PlexMover:RSS movie 'A pesar de ti' (2025) already exists with exact hash 380ea8d5..., skipping
INFO:PlexMover:Using TMDB ID 1299655 → Exact match: 'Blue Moon' (2025)
INFO:PlexMover:Generated pseudo_hash for RSS: 'Blue Moon' (2025) -> 588658fb... from link: https://hd-olimpo.club/torrent/download/69283.1e74...
INFO:PlexMover:Movie 'Blue Moon' (2025) is in ignored list. Skipping RSS entry and auto-download.
INFO:PlexMover:Using TMDB ID 1340828 → Exact match: 'Mujercitas en Navidad' (2024)
INFO:PlexMover:Generated pseudo_hash for RSS: 'Mujercitas en Navidad' (2024) -> 4c0d5c4e... from link: https://hd-olimpo.club/torrent/download/69259.1e74...
INFO:PlexMover:Movie 'Mujercitas en Navidad' (2024) is in ignored list. Skipping RSS entry and auto-download.
INFO:PlexMover:Using TMDB ID 23168 → Exact match: 'The Town: Ciudad de ladrones' (2010)
INFO:PlexMover:Generated pseudo_hash for RSS: 'The Town: Ciudad de ladrones' (2010) -> 4cf0a040... from link: https://hd-olimpo.club/torrent/download/69248.1e74...
INFO:PlexMover:RSS movie 'The Town: Ciudad de ladrones' (2010) already exists with exact hash 4cf0a040..., skipping
INFO:PlexMover:RSS auto-refresh successful: Added 0 new movies from RSS
INFO:PlexMover:Auto-refreshing RSS feed: HDO RSS
INFO:PlexMover:Fetching RSS: https://hd-olimpo.club/rss/5785.1e74c04b3cb6dd11abdac5b9bf4a315c
INFO:PlexMover:Processing 30 unique entries from RSS feeds (limit: 30)
INFO:PlexMover:Using TMDB ID 31352 → Exact match: 'Doraemon y el Imperio Maya' (2000)
INFO:PlexMover:Generated pseudo_hash for RSS: 'Doraemon y el Imperio Maya' (2000) -> ebc75996... from link: https://hd-olimpo.club/torrent/download/69526.1e74...
INFO:PlexMover:Movie 'Doraemon y el Imperio Maya' (2000) already exists in dashboard with hash 21776841... Skipping duplicate RSS entry.
INFO:PlexMover:Using TMDB ID 106164 → Exact match: 'Doraemon y el tren del tiempo' (1996)
INFO:PlexMover:Generated pseudo_hash for RSS: 'Doraemon y el tren del tiempo' (1996) -> 3bf27195... from link: https://hd-olimpo.club/torrent/download/69525.1e74...
INFO:PlexMover:Movie 'Doraemon y el tren del tiempo' (1996) already exists in dashboard with hash 06f575e8... Skipping duplicate RSS entry.
INFO:PlexMover:Using TMDB ID 1502147 → Exact match: 'Cariñena, vino del mar' (2025)
INFO:PlexMover:Generated pseudo_hash for RSS: 'Cariñena, vino del mar' (2025) -> e91e0ab8... from link: https://hd-olimpo.club/torrent/download/69523.1e74...
INFO:PlexMover:Movie 'Cariñena, vino del mar' (2025) already exists in dashboard with hash aebfaf1d... Skipping duplicate RSS entry.
INFO:PlexMover:Using TMDB ID 1287850 → Exact match: 'Hell Hole' (2024)
INFO:PlexMover:Generated pseudo_hash for RSS: 'Hell Hole' (2024) -> 94b60797... from link: https://hd-olimpo.club/torrent/download/69521.1e74...
INFO:PlexMover:Movie 'Hell Hole' (2024) already exists in dashboard with hash f41fe971... Skipping duplicate RSS entry.
INFO:PlexMover:Using TMDB ID 1441563 → Exact match: 'El secreto de Papá Noel' (2025)
INFO:PlexMover:Generated pseudo_hash for RSS: 'El secreto de Papá Noel' (2025) -> 60874283... from link: https://hd-olimpo.club/torrent/download/69517.1e74...
INFO:PlexMover:Movie 'El secreto de Papá Noel' (2025) is in ignored list. Skipping RSS entry and auto-download.
INFO:PlexMover:Using TMDB ID 48453 → Exact match: 'Concursante' (2007)
INFO:PlexMover:Generated pseudo_hash for RSS: 'Concursante' (2007) -> 2fffb0fd... from link: https://hd-olimpo.club/torrent/download/69498.1e74...
INFO:PlexMover:Movie 'Concursante' (2007) already exists in dashboard with hash 85157498... Skipping duplicate RSS entry.
INFO:PlexMover:Using TMDB ID 620639 → Exact match: 'La hija de un ladrón' (2019)
INFO:PlexMover:Generated pseudo_hash for RSS: 'La hija de un ladrón' (2019) -> c0c303e5... from link: https://hd-olimpo.club/torrent/download/69495.1e74...
INFO:PlexMover:Movie 'La hija de un ladrón' (2019) is in ignored list. Skipping RSS entry and auto-download.
INFO:PlexMover:Using TMDB ID 1261825 → Exact match: 'Oh. What. Fun.' (2025)
INFO:PlexMover:Generated pseudo_hash for RSS: 'Oh. What. Fun.' (2025) -> 11e9f219... from link: https://hd-olimpo.club/torrent/download/69493.1e74...
INFO:PlexMover:Movie 'Oh. What. Fun.' (2025) is in ignored list. Skipping RSS entry and auto-download.
INFO:PlexMover:Using TMDB ID 533533 → Exact match: 'TRON: Ares' (2025)
INFO:PlexMover:Generated pseudo_hash for RSS: 'TRON: Ares' (2025) -> 23074b75... from link: https://hd-olimpo.club/torrent/download/69471.1e74...
INFO:PlexMover:Movie 'TRON: Ares' (2025) is in ignored list. Skipping RSS entry and auto-download.
INFO:PlexMover:Using TMDB ID 772 → Exact match: 'Solo en casa 2: Perdido en Nueva York' (1992)
INFO:PlexMover:Generated pseudo_hash for RSS: 'Solo en casa 2: Perdido en Nueva York' (1992) -> a8e87ec6... from link: https://hd-olimpo.club/torrent/download/69462.1e74...
INFO:PlexMover:RSS movie 'Solo en casa 2: Perdido en Nueva York' (1992) already exists with exact hash a8e87ec6..., skipping
INFO:PlexMover:Using TMDB ID 74052 → Exact match: 'Yo soy la Juani' (2006)
INFO:PlexMover:Generated pseudo_hash for RSS: 'Yo soy la Juani' (2006) -> 02565351... from link: https://hd-olimpo.club/torrent/download/69461.1e74...
INFO:PlexMover:Movie 'Yo soy la Juani' (2006) is in ignored list. Skipping RSS entry and auto-download.
INFO:PlexMover:Using TMDB ID 8970 → Exact match: 'Forasteros en Nueva York' (1999)
INFO:PlexMover:Generated pseudo_hash for RSS: 'Forasteros en Nueva York' (1999) -> 0c29ce20... from link: https://hd-olimpo.club/torrent/download/69460.1e74...
INFO:PlexMover:RSS movie 'Forasteros en Nueva York' (1999) already exists with exact hash 0c29ce20..., skipping
INFO:PlexMover:Using TMDB ID 533533 → Exact match: 'TRON: Ares' (2025)
INFO:PlexMover:Generated pseudo_hash for RSS: 'TRON: Ares' (2025) -> b31a9c0a... from link: https://hd-olimpo.club/torrent/download/69441.1e74...
INFO:PlexMover:Movie 'TRON: Ares' (2025) is in ignored list. Skipping RSS entry and auto-download.
INFO:PlexMover:Using TMDB ID 1361854 → Exact match: 'Las delicias del jardín' (2025)
INFO:PlexMover:Generated pseudo_hash for RSS: 'Las delicias del jardín' (2025) -> db3ec3a6... from link: https://hd-olimpo.club/torrent/download/69436.1e74...
INFO:PlexMover:Movie 'Las delicias del jardín' (2025) is in ignored list. Skipping RSS entry and auto-download.
INFO:PlexMover:Using TMDB ID 1180831 → Exact match: 'Trol 2' (2025)
INFO:PlexMover:Generated pseudo_hash for RSS: 'Trol 2' (2025) -> 5a060fe1... from link: https://hd-olimpo.club/torrent/download/69428.1e74...
INFO:PlexMover:Movie 'Trol 2' (2025) is in ignored list. Skipping RSS entry and auto-download.
INFO:PlexMover:Using TMDB ID 605542 → Exact match: 'Perdidos en la noche' (2023)
INFO:PlexMover:Generated pseudo_hash for RSS: 'Perdidos en la noche' (2023) -> 0678582b... from link: https://hd-olimpo.club/torrent/download/69398.1e74...
INFO:PlexMover:Movie 'Perdidos en la noche' (2023) is in ignored list. Skipping RSS entry and auto-download.
INFO:PlexMover:Using TMDB ID 1002158 → Exact match: 'Rapaces' (2025)
INFO:PlexMover:Generated pseudo_hash for RSS: 'Rapaces' (2025) -> a27b10d5... from link: https://hd-olimpo.club/torrent/download/69390.1e74...
INFO:PlexMover:Movie 'Rapaces' (2025) is in ignored list. Skipping RSS entry and auto-download.
INFO:PlexMover:Using TMDB ID 1280282 → Exact match: 'La casa de muñecas de Gabby: La película' (2025)
INFO:PlexMover:Generated pseudo_hash for RSS: 'La casa de muñecas de Gabby: La película' (2025) -> 94c5eb5f... from link: https://hd-olimpo.club/torrent/download/69387.1e74...
INFO:PlexMover:RSS movie 'La casa de muñecas de Gabby: La película' (2025) already exists with exact hash 94c5eb5f..., skipping
INFO:PlexMover:Using TMDB ID 1151272 → Exact match: 'Sirāt' (2025)
INFO:PlexMover:Generated pseudo_hash for RSS: 'Sirāt' (2025) -> 40663c1d... from link: https://hd-olimpo.club/torrent/download/69350.1e74...
INFO:PlexMover:Movie 'Sirāt' (2025) is in ignored list. Skipping RSS entry and auto-download.
INFO:PlexMover:Using TMDB ID 640 → Exact match: 'Atrápame si puedes' (2002)
INFO:PlexMover:Generated pseudo_hash for RSS: 'Atrápame si puedes' (2002) -> 98401e83... from link: https://hd-olimpo.club/torrent/download/69344.1e74...
INFO:PlexMover:RSS movie 'Atrápame si puedes' (2002) already exists with exact hash 98401e83..., skipping
INFO:PlexMover:Using TMDB ID 1426968 → Exact match: 'Ya no quedan junglas' (2025)
INFO:PlexMover:Generated pseudo_hash for RSS: 'Ya no quedan junglas' (2025) -> af0c1828... from link: https://hd-olimpo.club/torrent/download/69336.1e74...
INFO:PlexMover:RSS movie 'Ya no quedan junglas' (2025) already exists with exact hash af0c1828..., skipping
INFO:PlexMover:Using TMDB ID 1469354 → Exact match: 'Cazadores de fronteras' (2025)
INFO:PlexMover:Generated pseudo_hash for RSS: 'Cazadores de fronteras' (2025) -> 3a29d3fa... from link: https://hd-olimpo.club/torrent/download/69330.1e74...
INFO:PlexMover:Movie 'Cazadores de fronteras' (2025) is in ignored list. Skipping RSS entry and auto-download.
INFO:PlexMover:Using TMDB ID 1218762 → Exact match: 'Un robo muy navideño' (2025)
INFO:PlexMover:Generated pseudo_hash for RSS: 'Un robo muy navideño' (2025) -> 3da2c19d... from link: https://hd-olimpo.club/torrent/download/69328.1e74...
INFO:PlexMover:RSS movie 'Un robo muy navideño' (2025) already exists with exact hash 3da2c19d..., skipping
INFO:PlexMover:Using TMDB ID 1196573 → Exact match: 'La educación de Polly McClusky' (2025)
INFO:PlexMover:Generated pseudo_hash for RSS: 'La educación de Polly McClusky' (2025) -> 6bc5d62d... from link: https://hd-olimpo.club/torrent/download/69324.1e74...
INFO:PlexMover:RSS movie 'La educación de Polly McClusky' (2025) already exists with exact hash 6bc5d62d..., skipping
INFO:PlexMover:Using TMDB ID 1522377 → Exact match: 'Dos mundos, un deseo' (2025)
INFO:PlexMover:Generated pseudo_hash for RSS: 'Dos mundos, un deseo' (2025) -> 1f6072e2... from link: https://hd-olimpo.club/torrent/download/69321.1e74...
INFO:PlexMover:Movie 'Dos mundos, un deseo' (2025) is in ignored list. Skipping RSS entry and auto-download.
INFO:PlexMover:Using TMDB ID 9260 → Exact match: 'Bienvenidos a Collinwood' (2002)
INFO:PlexMover:Generated pseudo_hash for RSS: 'Bienvenidos a Collinwood' (2002) -> d97a6eb9... from link: https://hd-olimpo.club/torrent/download/69308.1e74...
INFO:PlexMover:RSS movie 'Bienvenidos a Collinwood' (2002) already exists with exact hash d97a6eb9..., skipping
INFO:PlexMover:Using TMDB ID 1327862 → Exact match: 'A pesar de ti' (2025)
INFO:PlexMover:Generated pseudo_hash for RSS: 'A pesar de ti' (2025) -> 380ea8d5... from link: https://hd-olimpo.club/torrent/download/69285.1e74...
INFO:PlexMover:RSS movie 'A pesar de ti' (2025) already exists with exact hash 380ea8d5..., skipping
INFO:PlexMover:Using TMDB ID 1299655 → Exact match: 'Blue Moon' (2025)
INFO:PlexMover:Generated pseudo_hash for RSS: 'Blue Moon' (2025) -> 588658fb... from link: https://hd-olimpo.club/torrent/download/69283.1e74...
INFO:PlexMover:Movie 'Blue Moon' (2025) is in ignored list. Skipping RSS entry and auto-download.
INFO:PlexMover:Using TMDB ID 1340828 → Exact match: 'Mujercitas en Navidad' (2024)
INFO:PlexMover:Generated pseudo_hash for RSS: 'Mujercitas en Navidad' (2024) -> 4c0d5c4e... from link: https://hd-olimpo.club/torrent/download/69259.1e74...
INFO:PlexMover:Movie 'Mujercitas en Navidad' (2024) is in ignored list. Skipping RSS entry and auto-download.
INFO:PlexMover:Using TMDB ID 23168 → Exact match: 'The Town: Ciudad de ladrones' (2010)
INFO:PlexMover:Generated pseudo_hash for RSS: 'The Town: Ciudad de ladrones' (2010) -> 4cf0a040... from link: https://hd-olimpo.club/torrent/download/69248.1e74...
INFO:PlexMover:RSS movie 'The Town: Ciudad de ladrones' (2010) already exists with exact hash 4cf0a040..., skipping
INFO:PlexMover:RSS auto-refresh successful: Added 0 new movies from RSS
INFO:PlexMover:Auto-refreshing RSS feed: HDO RSS
INFO:PlexMover:Fetching RSS: https://hd-olimpo.club/rss/5785.1e74c04b3cb6dd11abdac5b9bf4a315c
INFO:PlexMover:Processing 30 unique entries from RSS feeds (limit: 30)
INFO:PlexMover:Using TMDB ID 31352 → Exact match: 'Doraemon y el Imperio Maya' (2000)
INFO:PlexMover:Generated pseudo_hash for RSS: 'Doraemon y el Imperio Maya' (2000) -> ebc75996... from link: https://hd-olimpo.club/torrent/download/69526.1e74...
INFO:PlexMover:Movie 'Doraemon y el Imperio Maya' (2000) already exists in dashboard with hash 21776841... Skipping duplicate RSS entry.
INFO:PlexMover:Using TMDB ID 106164 → Exact match: 'Doraemon y el tren del tiempo' (1996)
INFO:PlexMover:Generated pseudo_hash for RSS: 'Doraemon y el tren del tiempo' (1996) -> 3bf27195... from link: https://hd-olimpo.club/torrent/download/69525.1e74...
INFO:PlexMover:Movie 'Doraemon y el tren del tiempo' (1996) already exists in dashboard with hash 06f575e8... Skipping duplicate RSS entry.
INFO:PlexMover:Using TMDB ID 1502147 → Exact match: 'Cariñena, vino del mar' (2025)
INFO:PlexMover:Generated pseudo_hash for RSS: 'Cariñena, vino del mar' (2025) -> e91e0ab8... from link: https://hd-olimpo.club/torrent/download/69523.1e74...
INFO:PlexMover:Movie 'Cariñena, vino del mar' (2025) already exists in dashboard with hash aebfaf1d... Skipping duplicate RSS entry.
INFO:PlexMover:Using TMDB ID 1287850 → Exact match: 'Hell Hole' (2024)
INFO:PlexMover:Generated pseudo_hash for RSS: 'Hell Hole' (2024) -> 94b60797... from link: https://hd-olimpo.club/torrent/download/69521.1e74...
INFO:PlexMover:Movie 'Hell Hole' (2024) already exists in dashboard with hash f41fe971... Skipping duplicate RSS entry.
INFO:PlexMover:Using TMDB ID 1441563 → Exact match: 'El secreto de Papá Noel' (2025)
INFO:PlexMover:Generated pseudo_hash for RSS: 'El secreto de Papá Noel' (2025) -> 60874283... from link: https://hd-olimpo.club/torrent/download/69517.1e74...
INFO:PlexMover:Movie 'El secreto de Papá Noel' (2025) is in ignored list. Skipping RSS entry and auto-download.
INFO:PlexMover:Using TMDB ID 48453 → Exact match: 'Concursante' (2007)
INFO:PlexMover:Generated pseudo_hash for RSS: 'Concursante' (2007) -> 2fffb0fd... from link: https://hd-olimpo.club/torrent/download/69498.1e74...
INFO:PlexMover:Movie 'Concursante' (2007) already exists in dashboard with hash 85157498... Skipping duplicate RSS entry.
INFO:PlexMover:Using TMDB ID 620639 → Exact match: 'La hija de un ladrón' (2019)
INFO:PlexMover:Generated pseudo_hash for RSS: 'La hija de un ladrón' (2019) -> c0c303e5... from link: https://hd-olimpo.club/torrent/download/69495.1e74...
INFO:PlexMover:Movie 'La hija de un ladrón' (2019) is in ignored list. Skipping RSS entry and auto-download.
INFO:PlexMover:Using TMDB ID 1261825 → Exact match: 'Oh. What. Fun.' (2025)
INFO:PlexMover:Generated pseudo_hash for RSS: 'Oh. What. Fun.' (2025) -> 11e9f219... from link: https://hd-olimpo.club/torrent/download/69493.1e74...
INFO:PlexMover:Movie 'Oh. What. Fun.' (2025) is in ignored list. Skipping RSS entry and auto-download.
INFO:PlexMover:Using TMDB ID 533533 → Exact match: 'TRON: Ares' (2025)
INFO:PlexMover:Generated pseudo_hash for RSS: 'TRON: Ares' (2025) -> 23074b75... from link: https://hd-olimpo.club/torrent/download/69471.1e74...
INFO:PlexMover:Movie 'TRON: Ares' (2025) is in ignored list. Skipping RSS entry and auto-download.
INFO:PlexMover:Using TMDB ID 772 → Exact match: 'Solo en casa 2: Perdido en Nueva York' (1992)
INFO:PlexMover:Generated pseudo_hash for RSS: 'Solo en casa 2: Perdido en Nueva York' (1992) -> a8e87ec6... from link: https://hd-olimpo.club/torrent/download/69462.1e74...
INFO:PlexMover:RSS movie 'Solo en casa 2: Perdido en Nueva York' (1992) already exists with exact hash a8e87ec6..., skipping
INFO:PlexMover:Using TMDB ID 74052 → Exact match: 'Yo soy la Juani' (2006)
INFO:PlexMover:Generated pseudo_hash for RSS: 'Yo soy la Juani' (2006) -> 02565351... from link: https://hd-olimpo.club/torrent/download/69461.1e74...
INFO:PlexMover:Movie 'Yo soy la Juani' (2006) is in ignored list. Skipping RSS entry and auto-download.
INFO:PlexMover:Using TMDB ID 8970 → Exact match: 'Forasteros en Nueva York' (1999)
INFO:PlexMover:Generated pseudo_hash for RSS: 'Forasteros en Nueva York' (1999) -> 0c29ce20... from link: https://hd-olimpo.club/torrent/download/69460.1e74...
INFO:PlexMover:RSS movie 'Forasteros en Nueva York' (1999) already exists with exact hash 0c29ce20..., skipping
INFO:PlexMover:Using TMDB ID 533533 → Exact match: 'TRON: Ares' (2025)
INFO:PlexMover:Generated pseudo_hash for RSS: 'TRON: Ares' (2025) -> b31a9c0a... from link: https://hd-olimpo.club/torrent/download/69441.1e74...
INFO:PlexMover:Movie 'TRON: Ares' (2025) is in ignored list. Skipping RSS entry and auto-download.
INFO:PlexMover:Using TMDB ID 1361854 → Exact match: 'Las delicias del jardín' (2025)
INFO:PlexMover:Generated pseudo_hash for RSS: 'Las delicias del jardín' (2025) -> db3ec3a6... from link: https://hd-olimpo.club/torrent/download/69436.1e74...
INFO:PlexMover:Movie 'Las delicias del jardín' (2025) is in ignored list. Skipping RSS entry and auto-download.
INFO:PlexMover:Using TMDB ID 1180831 → Exact match: 'Trol 2' (2025)
INFO:PlexMover:Generated pseudo_hash for RSS: 'Trol 2' (2025) -> 5a060fe1... from link: https://hd-olimpo.club/torrent/download/69428.1e74...
INFO:PlexMover:Movie 'Trol 2' (2025) is in ignored list. Skipping RSS entry and auto-download.
INFO:PlexMover:Using TMDB ID 605542 → Exact match: 'Perdidos en la noche' (2023)
INFO:PlexMover:Generated pseudo_hash for RSS: 'Perdidos en la noche' (2023) -> 0678582b... from link: https://hd-olimpo.club/torrent/download/69398.1e74...
INFO:PlexMover:Movie 'Perdidos en la noche' (2023) is in ignored list. Skipping RSS entry and auto-download.
INFO:PlexMover:Using TMDB ID 1002158 → Exact match: 'Rapaces' (2025)
INFO:PlexMover:Generated pseudo_hash for RSS: 'Rapaces' (2025) -> a27b10d5... from link: https://hd-olimpo.club/torrent/download/69390.1e74...
INFO:PlexMover:Movie 'Rapaces' (2025) is in ignored list. Skipping RSS entry and auto-download.
INFO:PlexMover:Using TMDB ID 1280282 → Exact match: 'La casa de muñecas de Gabby: La película' (2025)
INFO:PlexMover:Generated pseudo_hash for RSS: 'La casa de muñecas de Gabby: La película' (2025) -> 94c5eb5f... from link: https://hd-olimpo.club/torrent/download/69387.1e74...
INFO:PlexMover:RSS movie 'La casa de muñecas de Gabby: La película' (2025) already exists with exact hash 94c5eb5f..., skipping
INFO:PlexMover:Using TMDB ID 1151272 → Exact match: 'Sirāt' (2025)
INFO:PlexMover:Generated pseudo_hash for RSS: 'Sirāt' (2025) -> 40663c1d... from link: https://hd-olimpo.club/torrent/download/69350.1e74...
INFO:PlexMover:Movie 'Sirāt' (2025) is in ignored list. Skipping RSS entry and auto-download.
INFO:PlexMover:Using TMDB ID 640 → Exact match: 'Atrápame si puedes' (2002)
INFO:PlexMover:Generated pseudo_hash for RSS: 'Atrápame si puedes' (2002) -> 98401e83... from link: https://hd-olimpo.club/torrent/download/69344.1e74...
INFO:PlexMover:RSS movie 'Atrápame si puedes' (2002) already exists with exact hash 98401e83..., skipping
INFO:PlexMover:Using TMDB ID 1426968 → Exact match: 'Ya no quedan junglas' (2025)
INFO:PlexMover:Generated pseudo_hash for RSS: 'Ya no quedan junglas' (2025) -> af0c1828... from link: https://hd-olimpo.club/torrent/download/69336.1e74...
INFO:PlexMover:RSS movie 'Ya no quedan junglas' (2025) already exists with exact hash af0c1828..., skipping
INFO:PlexMover:Using TMDB ID 1469354 → Exact match: 'Cazadores de fronteras' (2025)
INFO:PlexMover:Generated pseudo_hash for RSS: 'Cazadores de fronteras' (2025) -> 3a29d3fa... from link: https://hd-olimpo.club/torrent/download/69330.1e74...
INFO:PlexMover:Movie 'Cazadores de fronteras' (2025) is in ignored list. Skipping RSS entry and auto-download.
INFO:PlexMover:Using TMDB ID 1218762 → Exact match: 'Un robo muy navideño' (2025)
INFO:PlexMover:Generated pseudo_hash for RSS: 'Un robo muy navideño' (2025) -> 3da2c19d... from link: https://hd-olimpo.club/torrent/download/69328.1e74...
INFO:PlexMover:RSS movie 'Un robo muy navideño' (2025) already exists with exact hash 3da2c19d..., skipping
INFO:PlexMover:Using TMDB ID 1196573 → Exact match: 'La educación de Polly McClusky' (2025)
INFO:PlexMover:Generated pseudo_hash for RSS: 'La educación de Polly McClusky' (2025) -> 6bc5d62d... from link: https://hd-olimpo.club/torrent/download/69324.1e74...
INFO:PlexMover:RSS movie 'La educación de Polly McClusky' (2025) already exists with exact hash 6bc5d62d..., skipping
INFO:PlexMover:Using TMDB ID 1522377 → Exact match: 'Dos mundos, un deseo' (2025)
INFO:PlexMover:Generated pseudo_hash for RSS: 'Dos mundos, un deseo' (2025) -> 1f6072e2... from link: https://hd-olimpo.club/torrent/download/69321.1e74...
INFO:PlexMover:Movie 'Dos mundos, un deseo' (2025) is in ignored list. Skipping RSS entry and auto-download.
INFO:PlexMover:Using TMDB ID 9260 → Exact match: 'Bienvenidos a Collinwood' (2002)
INFO:PlexMover:Generated pseudo_hash for RSS: 'Bienvenidos a Collinwood' (2002) -> d97a6eb9... from link: https://hd-olimpo.club/torrent/download/69308.1e74...
INFO:PlexMover:RSS movie 'Bienvenidos a Collinwood' (2002) already exists with exact hash d97a6eb9..., skipping
INFO:PlexMover:Using TMDB ID 1327862 → Exact match: 'A pesar de ti' (2025)
INFO:PlexMover:Generated pseudo_hash for RSS: 'A pesar de ti' (2025) -> 380ea8d5... from link: https://hd-olimpo.club/torrent/download/69285.1e74...
INFO:PlexMover:RSS movie 'A pesar de ti' (2025) already exists with exact hash 380ea8d5..., skipping
INFO:PlexMover:Using TMDB ID 1299655 → Exact match: 'Blue Moon' (2025)
INFO:PlexMover:Generated pseudo_hash for RSS: 'Blue Moon' (2025) -> 588658fb... from link: https://hd-olimpo.club/torrent/download/69283.1e74...
INFO:PlexMover:Movie 'Blue Moon' (2025) is in ignored list. Skipping RSS entry and auto-download.
INFO:PlexMover:Using TMDB ID 1340828 → Exact match: 'Mujercitas en Navidad' (2024)
INFO:PlexMover:Generated pseudo_hash for RSS: 'Mujercitas en Navidad' (2024) -> 4c0d5c4e... from link: https://hd-olimpo.club/torrent/download/69259.1e74...
INFO:PlexMover:Movie 'Mujercitas en Navidad' (2024) is in ignored list. Skipping RSS entry and auto-download.
INFO:PlexMover:Using TMDB ID 23168 → Exact match: 'The Town: Ciudad de ladrones' (2010)
INFO:PlexMover:Generated pseudo_hash for RSS: 'The Town: Ciudad de ladrones' (2010) -> 4cf0a040... from link: https://hd-olimpo.club/torrent/download/69248.1e74...
INFO:PlexMover:RSS movie 'The Town: Ciudad de ladrones' (2010) already exists with exact hash 4cf0a040..., skipping
INFO:PlexMover:RSS auto-refresh successful: Added 0 new movies from RSS
INFO:PlexMover:Auto-refreshing RSS feed: HDO RSS
INFO:PlexMover:Fetching RSS: https://hd-olimpo.club/rss/5785.1e74c04b3cb6dd11abdac5b9bf4a315c
INFO:PlexMover:Processing 30 unique entries from RSS feeds (limit: 30)
INFO:PlexMover:Using TMDB ID 31352 → Exact match: 'Doraemon y el Imperio Maya' (2000)
INFO:PlexMover:Generated pseudo_hash for RSS: 'Doraemon y el Imperio Maya' (2000) -> ebc75996... from link: https://hd-olimpo.club/torrent/download/69526.1e74...
INFO:PlexMover:Movie 'Doraemon y el Imperio Maya' (2000) already exists in dashboard with hash 21776841... Skipping duplicate RSS entry.
INFO:PlexMover:Using TMDB ID 106164 → Exact match: 'Doraemon y el tren del tiempo' (1996)
INFO:PlexMover:Generated pseudo_hash for RSS: 'Doraemon y el tren del tiempo' (1996) -> 3bf27195... from link: https://hd-olimpo.club/torrent/download/69525.1e74...
INFO:PlexMover:Movie 'Doraemon y el tren del tiempo' (1996) already exists in dashboard with hash 06f575e8... Skipping duplicate RSS entry.
INFO:PlexMover:Using TMDB ID 1502147 → Exact match: 'Cariñena, vino del mar' (2025)
INFO:PlexMover:Generated pseudo_hash for RSS: 'Cariñena, vino del mar' (2025) -> e91e0ab8... from link: https://hd-olimpo.club/torrent/download/69523.1e74...
INFO:PlexMover:Movie 'Cariñena, vino del mar' (2025) already exists in dashboard with hash aebfaf1d... Skipping duplicate RSS entry.
INFO:PlexMover:Using TMDB ID 1287850 → Exact match: 'Hell Hole' (2024)
INFO:PlexMover:Generated pseudo_hash for RSS: 'Hell Hole' (2024) -> 94b60797... from link: https://hd-olimpo.club/torrent/download/69521.1e74...
INFO:PlexMover:Movie 'Hell Hole' (2024) already exists in dashboard with hash f41fe971... Skipping duplicate RSS entry.
INFO:PlexMover:Using TMDB ID 1441563 → Exact match: 'El secreto de Papá Noel' (2025)
INFO:PlexMover:Generated pseudo_hash for RSS: 'El secreto de Papá Noel' (2025) -> 60874283... from link: https://hd-olimpo.club/torrent/download/69517.1e74...
INFO:PlexMover:Movie 'El secreto de Papá Noel' (2025) is in ignored list. Skipping RSS entry and auto-download.
INFO:PlexMover:Using TMDB ID 48453 → Exact match: 'Concursante' (2007)
INFO:PlexMover:Generated pseudo_hash for RSS: 'Concursante' (2007) -> 2fffb0fd... from link: https://hd-olimpo.club/torrent/download/69498.1e74...
INFO:PlexMover:Movie 'Concursante' (2007) already exists in dashboard with hash 85157498... Skipping duplicate RSS entry.
INFO:PlexMover:Using TMDB ID 620639 → Exact match: 'La hija de un ladrón' (2019)
INFO:PlexMover:Generated pseudo_hash for RSS: 'La hija de un ladrón' (2019) -> c0c303e5... from link: https://hd-olimpo.club/torrent/download/69495.1e74...
INFO:PlexMover:Movie 'La hija de un ladrón' (2019) is in ignored list. Skipping RSS entry and auto-download.
INFO:PlexMover:Using TMDB ID 1261825 → Exact match: 'Oh. What. Fun.' (2025)
INFO:PlexMover:Generated pseudo_hash for RSS: 'Oh. What. Fun.' (2025) -> 11e9f219... from link: https://hd-olimpo.club/torrent/download/69493.1e74...
INFO:PlexMover:Movie 'Oh. What. Fun.' (2025) is in ignored list. Skipping RSS entry and auto-download.
INFO:PlexMover:Using TMDB ID 533533 → Exact match: 'TRON: Ares' (2025)
INFO:PlexMover:Generated pseudo_hash for RSS: 'TRON: Ares' (2025) -> 23074b75... from link: https://hd-olimpo.club/torrent/download/69471.1e74...
INFO:PlexMover:Movie 'TRON: Ares' (2025) is in ignored list. Skipping RSS entry and auto-download.
INFO:PlexMover:Using TMDB ID 772 → Exact match: 'Solo en casa 2: Perdido en Nueva York' (1992)
INFO:PlexMover:Generated pseudo_hash for RSS: 'Solo en casa 2: Perdido en Nueva York' (1992) -> a8e87ec6... from link: https://hd-olimpo.club/torrent/download/69462.1e74...
INFO:PlexMover:RSS movie 'Solo en casa 2: Perdido en Nueva York' (1992) already exists with exact hash a8e87ec6..., skipping
INFO:PlexMover:Using TMDB ID 74052 → Exact match: 'Yo soy la Juani' (2006)
INFO:PlexMover:Generated pseudo_hash for RSS: 'Yo soy la Juani' (2006) -> 02565351... from link: https://hd-olimpo.club/torrent/download/69461.1e74...
INFO:PlexMover:Movie 'Yo soy la Juani' (2006) is in ignored list. Skipping RSS entry and auto-download.
INFO:PlexMover:Using TMDB ID 8970 → Exact match: 'Forasteros en Nueva York' (1999)
INFO:PlexMover:Generated pseudo_hash for RSS: 'Forasteros en Nueva York' (1999) -> 0c29ce20... from link: https://hd-olimpo.club/torrent/download/69460.1e74...
INFO:PlexMover:RSS movie 'Forasteros en Nueva York' (1999) already exists with exact hash 0c29ce20..., skipping
INFO:PlexMover:Using TMDB ID 533533 → Exact match: 'TRON: Ares' (2025)
INFO:PlexMover:Generated pseudo_hash for RSS: 'TRON: Ares' (2025) -> b31a9c0a... from link: https://hd-olimpo.club/torrent/download/69441.1e74...
INFO:PlexMover:Movie 'TRON: Ares' (2025) is in ignored list. Skipping RSS entry and auto-download.
INFO:PlexMover:Using TMDB ID 1361854 → Exact match: 'Las delicias del jardín' (2025)
INFO:PlexMover:Generated pseudo_hash for RSS: 'Las delicias del jardín' (2025) -> db3ec3a6... from link: https://hd-olimpo.club/torrent/download/69436.1e74...
INFO:PlexMover:Movie 'Las delicias del jardín' (2025) is in ignored list. Skipping RSS entry and auto-download.
INFO:PlexMover:Using TMDB ID 1180831 → Exact match: 'Trol 2' (2025)
INFO:PlexMover:Generated pseudo_hash for RSS: 'Trol 2' (2025) -> 5a060fe1... from link: https://hd-olimpo.club/torrent/download/69428.1e74...
INFO:PlexMover:Movie 'Trol 2' (2025) is in ignored list. Skipping RSS entry and auto-download.
INFO:PlexMover:Using TMDB ID 605542 → Exact match: 'Perdidos en la noche' (2023)
INFO:PlexMover:Generated pseudo_hash for RSS: 'Perdidos en la noche' (2023) -> 0678582b... from link: https://hd-olimpo.club/torrent/download/69398.1e74...
INFO:PlexMover:Movie 'Perdidos en la noche' (2023) is in ignored list. Skipping RSS entry and auto-download.
INFO:PlexMover:Using TMDB ID 1002158 → Exact match: 'Rapaces' (2025)
INFO:PlexMover:Generated pseudo_hash for RSS: 'Rapaces' (2025) -> a27b10d5... from link: https://hd-olimpo.club/torrent/download/69390.1e74...
INFO:PlexMover:Movie 'Rapaces' (2025) is in ignored list. Skipping RSS entry and auto-download.
INFO:PlexMover:Using TMDB ID 1280282 → Exact match: 'La casa de muñecas de Gabby: La película' (2025)
INFO:PlexMover:Generated pseudo_hash for RSS: 'La casa de muñecas de Gabby: La película' (2025) -> 94c5eb5f... from link: https://hd-olimpo.club/torrent/download/69387.1e74...
INFO:PlexMover:RSS movie 'La casa de muñecas de Gabby: La película' (2025) already exists with exact hash 94c5eb5f..., skipping
INFO:PlexMover:Using TMDB ID 1151272 → Exact match: 'Sirāt' (2025)
INFO:PlexMover:Generated pseudo_hash for RSS: 'Sirāt' (2025) -> 40663c1d... from link: https://hd-olimpo.club/torrent/download/69350.1e74...
INFO:PlexMover:Movie 'Sirāt' (2025) is in ignored list. Skipping RSS entry and auto-download.
INFO:PlexMover:Using TMDB ID 640 → Exact match: 'Atrápame si puedes' (2002)
INFO:PlexMover:Generated pseudo_hash for RSS: 'Atrápame si puedes' (2002) -> 98401e83... from link: https://hd-olimpo.club/torrent/download/69344.1e74...
INFO:PlexMover:RSS movie 'Atrápame si puedes' (2002) already exists with exact hash 98401e83..., skipping
INFO:PlexMover:Using TMDB ID 1426968 → Exact match: 'Ya no quedan junglas' (2025)
INFO:PlexMover:Generated pseudo_hash for RSS: 'Ya no quedan junglas' (2025) -> af0c1828... from link: https://hd-olimpo.club/torrent/download/69336.1e74...
INFO:PlexMover:RSS movie 'Ya no quedan junglas' (2025) already exists with exact hash af0c1828..., skipping
INFO:PlexMover:Using TMDB ID 1469354 → Exact match: 'Cazadores de fronteras' (2025)
INFO:PlexMover:Generated pseudo_hash for RSS: 'Cazadores de fronteras' (2025) -> 3a29d3fa... from link: https://hd-olimpo.club/torrent/download/69330.1e74...
INFO:PlexMover:Movie 'Cazadores de fronteras' (2025) is in ignored list. Skipping RSS entry and auto-download.
INFO:PlexMover:Using TMDB ID 1218762 → Exact match: 'Un robo muy navideño' (2025)
INFO:PlexMover:Generated pseudo_hash for RSS: 'Un robo muy navideño' (2025) -> 3da2c19d... from link: https://hd-olimpo.club/torrent/download/69328.1e74...
INFO:PlexMover:RSS movie 'Un robo muy navideño' (2025) already exists with exact hash 3da2c19d..., skipping
INFO:PlexMover:Using TMDB ID 1196573 → Exact match: 'La educación de Polly McClusky' (2025)
INFO:PlexMover:Generated pseudo_hash for RSS: 'La educación de Polly McClusky' (2025) -> 6bc5d62d... from link: https://hd-olimpo.club/torrent/download/69324.1e74...
INFO:PlexMover:RSS movie 'La educación de Polly McClusky' (2025) already exists with exact hash 6bc5d62d..., skipping
INFO:PlexMover:Using TMDB ID 1522377 → Exact match: 'Dos mundos, un deseo' (2025)
INFO:PlexMover:Generated pseudo_hash for RSS: 'Dos mundos, un deseo' (2025) -> 1f6072e2... from link: https://hd-olimpo.club/torrent/download/69321.1e74...
INFO:PlexMover:Movie 'Dos mundos, un deseo' (2025) is in ignored list. Skipping RSS entry and auto-download.
INFO:PlexMover:Using TMDB ID 9260 → Exact match: 'Bienvenidos a Collinwood' (2002)
INFO:PlexMover:Generated pseudo_hash for RSS: 'Bienvenidos a Collinwood' (2002) -> d97a6eb9... from link: https://hd-olimpo.club/torrent/download/69308.1e74...
INFO:PlexMover:RSS movie 'Bienvenidos a Collinwood' (2002) already exists with exact hash d97a6eb9..., skipping
INFO:PlexMover:Using TMDB ID 1327862 → Exact match: 'A pesar de ti' (2025)
INFO:PlexMover:Generated pseudo_hash for RSS: 'A pesar de ti' (2025) -> 380ea8d5... from link: https://hd-olimpo.club/torrent/download/69285.1e74...
INFO:PlexMover:RSS movie 'A pesar de ti' (2025) already exists with exact hash 380ea8d5..., skipping
INFO:PlexMover:Using TMDB ID 1299655 → Exact match: 'Blue Moon' (2025)
INFO:PlexMover:Generated pseudo_hash for RSS: 'Blue Moon' (2025) -> 588658fb... from link: https://hd-olimpo.club/torrent/download/69283.1e74...
INFO:PlexMover:Movie 'Blue Moon' (2025) is in ignored list. Skipping RSS entry and auto-download.
INFO:PlexMover:Using TMDB ID 1340828 → Exact match: 'Mujercitas en Navidad' (2024)
INFO:PlexMover:Generated pseudo_hash for RSS: 'Mujercitas en Navidad' (2024) -> 4c0d5c4e... from link: https://hd-olimpo.club/torrent/download/69259.1e74...
INFO:PlexMover:Movie 'Mujercitas en Navidad' (2024) is in ignored list. Skipping RSS entry and auto-download.
INFO:PlexMover:Using TMDB ID 23168 → Exact match: 'The Town: Ciudad de ladrones' (2010)
INFO:PlexMover:Generated pseudo_hash for RSS: 'The Town: Ciudad de ladrones' (2010) -> 4cf0a040... from link: https://hd-olimpo.club/torrent/download/69248.1e74...
INFO:PlexMover:RSS movie 'The Town: Ciudad de ladrones' (2010) already exists with exact hash 4cf0a040..., skipping
INFO:PlexMover:RSS auto-refresh successful: Added 0 new movies from RSS
INFO:PlexMover:Auto-refreshing RSS feed: HDO RSS
INFO:PlexMover:Fetching RSS: https://hd-olimpo.club/rss/5785.1e74c04b3cb6dd11abdac5b9bf4a315c
INFO:PlexMover:Processing 30 unique entries from RSS feeds (limit: 30)
INFO:PlexMover:Using TMDB ID 31352 → Exact match: 'Doraemon y el Imperio Maya' (2000)
INFO:PlexMover:Generated pseudo_hash for RSS: 'Doraemon y el Imperio Maya' (2000) -> ebc75996... from link: https://hd-olimpo.club/torrent/download/69526.1e74...
INFO:PlexMover:Movie 'Doraemon y el Imperio Maya' (2000) already exists in dashboard with hash 21776841... Skipping duplicate RSS entry.
INFO:PlexMover:Using TMDB ID 106164 → Exact match: 'Doraemon y el tren del tiempo' (1996)
INFO:PlexMover:Generated pseudo_hash for RSS: 'Doraemon y el tren del tiempo' (1996) -> 3bf27195... from link: https://hd-olimpo.club/torrent/download/69525.1e74...
INFO:PlexMover:Movie 'Doraemon y el tren del tiempo' (1996) already exists in dashboard with hash 06f575e8... Skipping duplicate RSS entry.
INFO:PlexMover:Using TMDB ID 1502147 → Exact match: 'Cariñena, vino del mar' (2025)
INFO:PlexMover:Generated pseudo_hash for RSS: 'Cariñena, vino del mar' (2025) -> e91e0ab8... from link: https://hd-olimpo.club/torrent/download/69523.1e74...
INFO:PlexMover:Movie 'Cariñena, vino del mar' (2025) already exists in dashboard with hash aebfaf1d... Skipping duplicate RSS entry.
INFO:PlexMover:Using TMDB ID 1287850 → Exact match: 'Hell Hole' (2024)
INFO:PlexMover:Generated pseudo_hash for RSS: 'Hell Hole' (2024) -> 94b60797... from link: https://hd-olimpo.club/torrent/download/69521.1e74...
INFO:PlexMover:Movie 'Hell Hole' (2024) already exists in dashboard with hash f41fe971... Skipping duplicate RSS entry.
INFO:PlexMover:Using TMDB ID 1441563 → Exact match: 'El secreto de Papá Noel' (2025)
INFO:PlexMover:Generated pseudo_hash for RSS: 'El secreto de Papá Noel' (2025) -> 60874283... from link: https://hd-olimpo.club/torrent/download/69517.1e74...
INFO:PlexMover:Movie 'El secreto de Papá Noel' (2025) is in ignored list. Skipping RSS entry and auto-download.
INFO:PlexMover:Using TMDB ID 48453 → Exact match: 'Concursante' (2007)
INFO:PlexMover:Generated pseudo_hash for RSS: 'Concursante' (2007) -> 2fffb0fd... from link: https://hd-olimpo.club/torrent/download/69498.1e74...
INFO:PlexMover:Movie 'Concursante' (2007) already exists in dashboard with hash 85157498... Skipping duplicate RSS entry.
INFO:PlexMover:Using TMDB ID 620639 → Exact match: 'La hija de un ladrón' (2019)
INFO:PlexMover:Generated pseudo_hash for RSS: 'La hija de un ladrón' (2019) -> c0c303e5... from link: https://hd-olimpo.club/torrent/download/69495.1e74...
INFO:PlexMover:Movie 'La hija de un ladrón' (2019) is in ignored list. Skipping RSS entry and auto-download.
INFO:PlexMover:Using TMDB ID 1261825 → Exact match: 'Oh. What. Fun.' (2025)
INFO:PlexMover:Generated pseudo_hash for RSS: 'Oh. What. Fun.' (2025) -> 11e9f219... from link: https://hd-olimpo.club/torrent/download/69493.1e74...
INFO:PlexMover:Movie 'Oh. What. Fun.' (2025) is in ignored list. Skipping RSS entry and auto-download.
INFO:PlexMover:Using TMDB ID 533533 → Exact match: 'TRON: Ares' (2025)
INFO:PlexMover:Generated pseudo_hash for RSS: 'TRON: Ares' (2025) -> 23074b75... from link: https://hd-olimpo.club/torrent/download/69471.1e74...
INFO:PlexMover:Movie 'TRON: Ares' (2025) is in ignored list. Skipping RSS entry and auto-download.
INFO:PlexMover:Using TMDB ID 772 → Exact match: 'Solo en casa 2: Perdido en Nueva York' (1992)
INFO:PlexMover:Generated pseudo_hash for RSS: 'Solo en casa 2: Perdido en Nueva York' (1992) -> a8e87ec6... from link: https://hd-olimpo.club/torrent/download/69462.1e74...
INFO:PlexMover:RSS movie 'Solo en casa 2: Perdido en Nueva York' (1992) already exists with exact hash a8e87ec6..., skipping
INFO:PlexMover:Using TMDB ID 74052 → Exact match: 'Yo soy la Juani' (2006)
INFO:PlexMover:Generated pseudo_hash for RSS: 'Yo soy la Juani' (2006) -> 02565351... from link: https://hd-olimpo.club/torrent/download/69461.1e74...
INFO:PlexMover:Movie 'Yo soy la Juani' (2006) is in ignored list. Skipping RSS entry and auto-download.
INFO:PlexMover:Using TMDB ID 8970 → Exact match: 'Forasteros en Nueva York' (1999)
INFO:PlexMover:Generated pseudo_hash for RSS: 'Forasteros en Nueva York' (1999) -> 0c29ce20... from link: https://hd-olimpo.club/torrent/download/69460.1e74...
INFO:PlexMover:RSS movie 'Forasteros en Nueva York' (1999) already exists with exact hash 0c29ce20..., skipping
INFO:PlexMover:Using TMDB ID 533533 → Exact match: 'TRON: Ares' (2025)
INFO:PlexMover:Generated pseudo_hash for RSS: 'TRON: Ares' (2025) -> b31a9c0a... from link: https://hd-olimpo.club/torrent/download/69441.1e74...
INFO:PlexMover:Movie 'TRON: Ares' (2025) is in ignored list. Skipping RSS entry and auto-download.
INFO:PlexMover:Using TMDB ID 1361854 → Exact match: 'Las delicias del jardín' (2025)
INFO:PlexMover:Generated pseudo_hash for RSS: 'Las delicias del jardín' (2025) -> db3ec3a6... from link: https://hd-olimpo.club/torrent/download/69436.1e74...
INFO:PlexMover:Movie 'Las delicias del jardín' (2025) is in ignored list. Skipping RSS entry and auto-download.
INFO:PlexMover:Using TMDB ID 1180831 → Exact match: 'Trol 2' (2025)
INFO:PlexMover:Generated pseudo_hash for RSS: 'Trol 2' (2025) -> 5a060fe1... from link: https://hd-olimpo.club/torrent/download/69428.1e74...
INFO:PlexMover:Movie 'Trol 2' (2025) is in ignored list. Skipping RSS entry and auto-download.
INFO:PlexMover:Using TMDB ID 605542 → Exact match: 'Perdidos en la noche' (2023)
INFO:PlexMover:Generated pseudo_hash for RSS: 'Perdidos en la noche' (2023) -> 0678582b... from link: https://hd-olimpo.club/torrent/download/69398.1e74...
INFO:PlexMover:Movie 'Perdidos en la noche' (2023) is in ignored list. Skipping RSS entry and auto-download.
INFO:PlexMover:Using TMDB ID 1002158 → Exact match: 'Rapaces' (2025)
INFO:PlexMover:Generated pseudo_hash for RSS: 'Rapaces' (2025) -> a27b10d5... from link: https://hd-olimpo.club/torrent/download/69390.1e74...
INFO:PlexMover:Movie 'Rapaces' (2025) is in ignored list. Skipping RSS entry and auto-download.
INFO:PlexMover:Using TMDB ID 1280282 → Exact match: 'La casa de muñecas de Gabby: La película' (2025)
INFO:PlexMover:Generated pseudo_hash for RSS: 'La casa de muñecas de Gabby: La película' (2025) -> 94c5eb5f... from link: https://hd-olimpo.club/torrent/download/69387.1e74...
INFO:PlexMover:RSS movie 'La casa de muñecas de Gabby: La película' (2025) already exists with exact hash 94c5eb5f..., skipping
INFO:PlexMover:Using TMDB ID 1151272 → Exact match: 'Sirāt' (2025)
INFO:PlexMover:Generated pseudo_hash for RSS: 'Sirāt' (2025) -> 40663c1d... from link: https://hd-olimpo.club/torrent/download/69350.1e74...
INFO:PlexMover:Movie 'Sirāt' (2025) is in ignored list. Skipping RSS entry and auto-download.
INFO:PlexMover:Using TMDB ID 640 → Exact match: 'Atrápame si puedes' (2002)
INFO:PlexMover:Generated pseudo_hash for RSS: 'Atrápame si puedes' (2002) -> 98401e83... from link: https://hd-olimpo.club/torrent/download/69344.1e74...
INFO:PlexMover:RSS movie 'Atrápame si puedes' (2002) already exists with exact hash 98401e83..., skipping
INFO:PlexMover:Using TMDB ID 1426968 → Exact match: 'Ya no quedan junglas' (2025)
INFO:PlexMover:Generated pseudo_hash for RSS: 'Ya no quedan junglas' (2025) -> af0c1828... from link: https://hd-olimpo.club/torrent/download/69336.1e74...
INFO:PlexMover:RSS movie 'Ya no quedan junglas' (2025) already exists with exact hash af0c1828..., skipping
INFO:PlexMover:Using TMDB ID 1469354 → Exact match: 'Cazadores de fronteras' (2025)
INFO:PlexMover:Generated pseudo_hash for RSS: 'Cazadores de fronteras' (2025) -> 3a29d3fa... from link: https://hd-olimpo.club/torrent/download/69330.1e74...
INFO:PlexMover:Movie 'Cazadores de fronteras' (2025) is in ignored list. Skipping RSS entry and auto-download.
INFO:PlexMover:Using TMDB ID 1218762 → Exact match: 'Un robo muy navideño' (2025)
INFO:PlexMover:Generated pseudo_hash for RSS: 'Un robo muy navideño' (2025) -> 3da2c19d... from link: https://hd-olimpo.club/torrent/download/69328.1e74...
INFO:PlexMover:RSS movie 'Un robo muy navideño' (2025) already exists with exact hash 3da2c19d..., skipping
INFO:PlexMover:Using TMDB ID 1196573 → Exact match: 'La educación de Polly McClusky' (2025)
INFO:PlexMover:Generated pseudo_hash for RSS: 'La educación de Polly McClusky' (2025) -> 6bc5d62d... from link: https://hd-olimpo.club/torrent/download/69324.1e74...
INFO:PlexMover:RSS movie 'La educación de Polly McClusky' (2025) already exists with exact hash 6bc5d62d..., skipping
INFO:PlexMover:Using TMDB ID 1522377 → Exact match: 'Dos mundos, un deseo' (2025)
INFO:PlexMover:Generated pseudo_hash for RSS: 'Dos mundos, un deseo' (2025) -> 1f6072e2... from link: https://hd-olimpo.club/torrent/download/69321.1e74...
INFO:PlexMover:Movie 'Dos mundos, un deseo' (2025) is in ignored list. Skipping RSS entry and auto-download.
INFO:PlexMover:Using TMDB ID 9260 → Exact match: 'Bienvenidos a Collinwood' (2002)
INFO:PlexMover:Generated pseudo_hash for RSS: 'Bienvenidos a Collinwood' (2002) -> d97a6eb9... from link: https://hd-olimpo.club/torrent/download/69308.1e74...
INFO:PlexMover:RSS movie 'Bienvenidos a Collinwood' (2002) already exists with exact hash d97a6eb9..., skipping
INFO:PlexMover:Using TMDB ID 1327862 → Exact match: 'A pesar de ti' (2025)
INFO:PlexMover:Generated pseudo_hash for RSS: 'A pesar de ti' (2025) -> 380ea8d5... from link: https://hd-olimpo.club/torrent/download/69285.1e74...
INFO:PlexMover:RSS movie 'A pesar de ti' (2025) already exists with exact hash 380ea8d5..., skipping
INFO:PlexMover:Using TMDB ID 1299655 → Exact match: 'Blue Moon' (2025)
INFO:PlexMover:Generated pseudo_hash for RSS: 'Blue Moon' (2025) -> 588658fb... from link: https://hd-olimpo.club/torrent/download/69283.1e74...
INFO:PlexMover:Movie 'Blue Moon' (2025) is in ignored list. Skipping RSS entry and auto-download.
INFO:PlexMover:Using TMDB ID 1340828 → Exact match: 'Mujercitas en Navidad' (2024)
INFO:PlexMover:Generated pseudo_hash for RSS: 'Mujercitas en Navidad' (2024) -> 4c0d5c4e... from link: https://hd-olimpo.club/torrent/download/69259.1e74...
INFO:PlexMover:Movie 'Mujercitas en Navidad' (2024) is in ignored list. Skipping RSS entry and auto-download.
INFO:PlexMover:Using TMDB ID 23168 → Exact match: 'The Town: Ciudad de ladrones' (2010)
INFO:PlexMover:Generated pseudo_hash for RSS: 'The Town: Ciudad de ladrones' (2010) -> 4cf0a040... from link: https://hd-olimpo.club/torrent/download/69248.1e74...
INFO:PlexMover:RSS movie 'The Town: Ciudad de ladrones' (2010) already exists with exact hash 4cf0a040..., skipping
INFO:PlexMover:RSS auto-refresh successful: Added 0 new movies from RSS
INFO:PlexMover:Auto-refreshing RSS feed: HDO RSS
INFO:PlexMover:Fetching RSS: https://hd-olimpo.club/rss/5785.1e74c04b3cb6dd11abdac5b9bf4a315c
INFO:PlexMover:Processing 30 unique entries from RSS feeds (limit: 30)
INFO:PlexMover:Using TMDB ID 31352 → Exact match: 'Doraemon y el Imperio Maya' (2000)
INFO:PlexMover:Generated pseudo_hash for RSS: 'Doraemon y el Imperio Maya' (2000) -> ebc75996... from link: https://hd-olimpo.club/torrent/download/69526.1e74...
INFO:PlexMover:Movie 'Doraemon y el Imperio Maya' (2000) already exists in dashboard with hash 21776841... Skipping duplicate RSS entry.
INFO:PlexMover:Using TMDB ID 106164 → Exact match: 'Doraemon y el tren del tiempo' (1996)
INFO:PlexMover:Generated pseudo_hash for RSS: 'Doraemon y el tren del tiempo' (1996) -> 3bf27195... from link: https://hd-olimpo.club/torrent/download/69525.1e74...
INFO:PlexMover:Movie 'Doraemon y el tren del tiempo' (1996) already exists in dashboard with hash 06f575e8... Skipping duplicate RSS entry.
INFO:PlexMover:Using TMDB ID 1502147 → Exact match: 'Cariñena, vino del mar' (2025)
INFO:PlexMover:Generated pseudo_hash for RSS: 'Cariñena, vino del mar' (2025) -> e91e0ab8... from link: https://hd-olimpo.club/torrent/download/69523.1e74...
INFO:PlexMover:Movie 'Cariñena, vino del mar' (2025) already exists in dashboard with hash aebfaf1d... Skipping duplicate RSS entry.
INFO:PlexMover:Using TMDB ID 1287850 → Exact match: 'Hell Hole' (2024)
INFO:PlexMover:Generated pseudo_hash for RSS: 'Hell Hole' (2024) -> 94b60797... from link: https://hd-olimpo.club/torrent/download/69521.1e74...
INFO:PlexMover:Movie 'Hell Hole' (2024) already exists in dashboard with hash f41fe971... Skipping duplicate RSS entry.
INFO:PlexMover:Using TMDB ID 1441563 → Exact match: 'El secreto de Papá Noel' (2025)
INFO:PlexMover:Generated pseudo_hash for RSS: 'El secreto de Papá Noel' (2025) -> 60874283... from link: https://hd-olimpo.club/torrent/download/69517.1e74...
INFO:PlexMover:Movie 'El secreto de Papá Noel' (2025) is in ignored list. Skipping RSS entry and auto-download.
INFO:PlexMover:Using TMDB ID 48453 → Exact match: 'Concursante' (2007)
INFO:PlexMover:Generated pseudo_hash for RSS: 'Concursante' (2007) -> 2fffb0fd... from link: https://hd-olimpo.club/torrent/download/69498.1e74...
INFO:PlexMover:Movie 'Concursante' (2007) already exists in dashboard with hash 85157498... Skipping duplicate RSS entry.
INFO:PlexMover:Using TMDB ID 620639 → Exact match: 'La hija de un ladrón' (2019)
INFO:PlexMover:Generated pseudo_hash for RSS: 'La hija de un ladrón' (2019) -> c0c303e5... from link: https://hd-olimpo.club/torrent/download/69495.1e74...
INFO:PlexMover:Movie 'La hija de un ladrón' (2019) is in ignored list. Skipping RSS entry and auto-download.
INFO:PlexMover:Using TMDB ID 1261825 → Exact match: 'Oh. What. Fun.' (2025)
INFO:PlexMover:Generated pseudo_hash for RSS: 'Oh. What. Fun.' (2025) -> 11e9f219... from link: https://hd-olimpo.club/torrent/download/69493.1e74...
INFO:PlexMover:Movie 'Oh. What. Fun.' (2025) is in ignored list. Skipping RSS entry and auto-download.
INFO:PlexMover:Using TMDB ID 533533 → Exact match: 'TRON: Ares' (2025)
INFO:PlexMover:Generated pseudo_hash for RSS: 'TRON: Ares' (2025) -> 23074b75... from link: https://hd-olimpo.club/torrent/download/69471.1e74...
INFO:PlexMover:Movie 'TRON: Ares' (2025) is in ignored list. Skipping RSS entry and auto-download.
INFO:PlexMover:Using TMDB ID 772 → Exact match: 'Solo en casa 2: Perdido en Nueva York' (1992)
INFO:PlexMover:Generated pseudo_hash for RSS: 'Solo en casa 2: Perdido en Nueva York' (1992) -> a8e87ec6... from link: https://hd-olimpo.club/torrent/download/69462.1e74...
INFO:PlexMover:RSS movie 'Solo en casa 2: Perdido en Nueva York' (1992) already exists with exact hash a8e87ec6..., skipping
INFO:PlexMover:Using TMDB ID 74052 → Exact match: 'Yo soy la Juani' (2006)
INFO:PlexMover:Generated pseudo_hash for RSS: 'Yo soy la Juani' (2006) -> 02565351... from link: https://hd-olimpo.club/torrent/download/69461.1e74...
INFO:PlexMover:Movie 'Yo soy la Juani' (2006) is in ignored list. Skipping RSS entry and auto-download.
INFO:PlexMover:Using TMDB ID 8970 → Exact match: 'Forasteros en Nueva York' (1999)
INFO:PlexMover:Generated pseudo_hash for RSS: 'Forasteros en Nueva York' (1999) -> 0c29ce20... from link: https://hd-olimpo.club/torrent/download/69460.1e74...
INFO:PlexMover:RSS movie 'Forasteros en Nueva York' (1999) already exists with exact hash 0c29ce20..., skipping
INFO:PlexMover:Using TMDB ID 533533 → Exact match: 'TRON: Ares' (2025)
INFO:PlexMover:Generated pseudo_hash for RSS: 'TRON: Ares' (2025) -> b31a9c0a... from link: https://hd-olimpo.club/torrent/download/69441.1e74...
INFO:PlexMover:Movie 'TRON: Ares' (2025) is in ignored list. Skipping RSS entry and auto-download.
INFO:PlexMover:Using TMDB ID 1361854 → Exact match: 'Las delicias del jardín' (2025)
INFO:PlexMover:Generated pseudo_hash for RSS: 'Las delicias del jardín' (2025) -> db3ec3a6... from link: https://hd-olimpo.club/torrent/download/69436.1e74...
INFO:PlexMover:Movie 'Las delicias del jardín' (2025) is in ignored list. Skipping RSS entry and auto-download.
INFO:PlexMover:Using TMDB ID 1180831 → Exact match: 'Trol 2' (2025)
INFO:PlexMover:Generated pseudo_hash for RSS: 'Trol 2' (2025) -> 5a060fe1... from link: https://hd-olimpo.club/torrent/download/69428.1e74...
INFO:PlexMover:Movie 'Trol 2' (2025) is in ignored list. Skipping RSS entry and auto-download.
INFO:PlexMover:Using TMDB ID 605542 → Exact match: 'Perdidos en la noche' (2023)
INFO:PlexMover:Generated pseudo_hash for RSS: 'Perdidos en la noche' (2023) -> 0678582b... from link: https://hd-olimpo.club/torrent/download/69398.1e74...
INFO:PlexMover:Movie 'Perdidos en la noche' (2023) is in ignored list. Skipping RSS entry and auto-download.
INFO:PlexMover:Using TMDB ID 1002158 → Exact match: 'Rapaces' (2025)
INFO:PlexMover:Generated pseudo_hash for RSS: 'Rapaces' (2025) -> a27b10d5... from link: https://hd-olimpo.club/torrent/download/69390.1e74...
INFO:PlexMover:Movie 'Rapaces' (2025) is in ignored list. Skipping RSS entry and auto-download.
INFO:PlexMover:Using TMDB ID 1280282 → Exact match: 'La casa de muñecas de Gabby: La película' (2025)
INFO:PlexMover:Generated pseudo_hash for RSS: 'La casa de muñecas de Gabby: La película' (2025) -> 94c5eb5f... from link: https://hd-olimpo.club/torrent/download/69387.1e74...
INFO:PlexMover:RSS movie 'La casa de muñecas de Gabby: La película' (2025) already exists with exact hash 94c5eb5f..., skipping
INFO:PlexMover:Using TMDB ID 1151272 → Exact match: 'Sirāt' (2025)
INFO:PlexMover:Generated pseudo_hash for RSS: 'Sirāt' (2025) -> 40663c1d... from link: https://hd-olimpo.club/torrent/download/69350.1e74...
INFO:PlexMover:Movie 'Sirāt' (2025) is in ignored list. Skipping RSS entry and auto-download.
INFO:PlexMover:Using TMDB ID 640 → Exact match: 'Atrápame si puedes' (2002)
INFO:PlexMover:Generated pseudo_hash for RSS: 'Atrápame si puedes' (2002) -> 98401e83... from link: https://hd-olimpo.club/torrent/download/69344.1e74...
INFO:PlexMover:RSS movie 'Atrápame si puedes' (2002) already exists with exact hash 98401e83..., skipping
INFO:PlexMover:Using TMDB ID 1426968 → Exact match: 'Ya no quedan junglas' (2025)
INFO:PlexMover:Generated pseudo_hash for RSS: 'Ya no quedan junglas' (2025) -> af0c1828... from link: https://hd-olimpo.club/torrent/download/69336.1e74...
INFO:PlexMover:RSS movie 'Ya no quedan junglas' (2025) already exists with exact hash af0c1828..., skipping
INFO:PlexMover:Using TMDB ID 1469354 → Exact match: 'Cazadores de fronteras' (2025)
INFO:PlexMover:Generated pseudo_hash for RSS: 'Cazadores de fronteras' (2025) -> 3a29d3fa... from link: https://hd-olimpo.club/torrent/download/69330.1e74...
INFO:PlexMover:Movie 'Cazadores de fronteras' (2025) is in ignored list. Skipping RSS entry and auto-download.
INFO:PlexMover:Using TMDB ID 1218762 → Exact match: 'Un robo muy navideño' (2025)
INFO:PlexMover:Generated pseudo_hash for RSS: 'Un robo muy navideño' (2025) -> 3da2c19d... from link: https://hd-olimpo.club/torrent/download/69328.1e74...
INFO:PlexMover:RSS movie 'Un robo muy navideño' (2025) already exists with exact hash 3da2c19d..., skipping
INFO:PlexMover:Using TMDB ID 1196573 → Exact match: 'La educación de Polly McClusky' (2025)
INFO:PlexMover:Generated pseudo_hash for RSS: 'La educación de Polly McClusky' (2025) -> 6bc5d62d... from link: https://hd-olimpo.club/torrent/download/69324.1e74...
INFO:PlexMover:RSS movie 'La educación de Polly McClusky' (2025) already exists with exact hash 6bc5d62d..., skipping
INFO:PlexMover:Using TMDB ID 1522377 → Exact match: 'Dos mundos, un deseo' (2025)
INFO:PlexMover:Generated pseudo_hash for RSS: 'Dos mundos, un deseo' (2025) -> 1f6072e2... from link: https://hd-olimpo.club/torrent/download/69321.1e74...
INFO:PlexMover:Movie 'Dos mundos, un deseo' (2025) is in ignored list. Skipping RSS entry and auto-download.
INFO:PlexMover:Using TMDB ID 9260 → Exact match: 'Bienvenidos a Collinwood' (2002)
INFO:PlexMover:Generated pseudo_hash for RSS: 'Bienvenidos a Collinwood' (2002) -> d97a6eb9... from link: https://hd-olimpo.club/torrent/download/69308.1e74...
INFO:PlexMover:RSS movie 'Bienvenidos a Collinwood' (2002) already exists with exact hash d97a6eb9..., skipping
INFO:PlexMover:Using TMDB ID 1327862 → Exact match: 'A pesar de ti' (2025)
INFO:PlexMover:Generated pseudo_hash for RSS: 'A pesar de ti' (2025) -> 380ea8d5... from link: https://hd-olimpo.club/torrent/download/69285.1e74...
INFO:PlexMover:RSS movie 'A pesar de ti' (2025) already exists with exact hash 380ea8d5..., skipping
INFO:PlexMover:Using TMDB ID 1299655 → Exact match: 'Blue Moon' (2025)
INFO:PlexMover:Generated pseudo_hash for RSS: 'Blue Moon' (2025) -> 588658fb... from link: https://hd-olimpo.club/torrent/download/69283.1e74...
INFO:PlexMover:Movie 'Blue Moon' (2025) is in ignored list. Skipping RSS entry and auto-download.
INFO:PlexMover:Using TMDB ID 1340828 → Exact match: 'Mujercitas en Navidad' (2024)
INFO:PlexMover:Generated pseudo_hash for RSS: 'Mujercitas en Navidad' (2024) -> 4c0d5c4e... from link: https://hd-olimpo.club/torrent/download/69259.1e74...
INFO:PlexMover:Movie 'Mujercitas en Navidad' (2024) is in ignored list. Skipping RSS entry and auto-download.
INFO:PlexMover:Using TMDB ID 23168 → Exact match: 'The Town: Ciudad de ladrones' (2010)
INFO:PlexMover:Generated pseudo_hash for RSS: 'The Town: Ciudad de ladrones' (2010) -> 4cf0a040... from link: https://hd-olimpo.club/torrent/download/69248.1e74...
INFO:PlexMover:RSS movie 'The Town: Ciudad de ladrones' (2010) already exists with exact hash 4cf0a040..., skipping
INFO:PlexMover:RSS auto-refresh successful: Added 0 new movies from RSS
INFO:PlexMover:Auto-refreshing RSS feed: HDO RSS
INFO:PlexMover:Fetching RSS: https://hd-olimpo.club/rss/5785.1e74c04b3cb6dd11abdac5b9bf4a315c
INFO:PlexMover:Processing 30 unique entries from RSS feeds (limit: 30)
INFO:PlexMover:Using TMDB ID 31352 → Exact match: 'Doraemon y el Imperio Maya' (2000)
INFO:PlexMover:Generated pseudo_hash for RSS: 'Doraemon y el Imperio Maya' (2000) -> ebc75996... from link: https://hd-olimpo.club/torrent/download/69526.1e74...
INFO:PlexMover:Movie 'Doraemon y el Imperio Maya' (2000) already exists in dashboard with hash 21776841... Skipping duplicate RSS entry.
INFO:PlexMover:Using TMDB ID 106164 → Exact match: 'Doraemon y el tren del tiempo' (1996)
INFO:PlexMover:Generated pseudo_hash for RSS: 'Doraemon y el tren del tiempo' (1996) -> 3bf27195... from link: https://hd-olimpo.club/torrent/download/69525.1e74...
INFO:PlexMover:Movie 'Doraemon y el tren del tiempo' (1996) already exists in dashboard with hash 06f575e8... Skipping duplicate RSS entry.
INFO:PlexMover:Using TMDB ID 1502147 → Exact match: 'Cariñena, vino del mar' (2025)
INFO:PlexMover:Generated pseudo_hash for RSS: 'Cariñena, vino del mar' (2025) -> e91e0ab8... from link: https://hd-olimpo.club/torrent/download/69523.1e74...
INFO:PlexMover:Movie 'Cariñena, vino del mar' (2025) already exists in dashboard with hash aebfaf1d... Skipping duplicate RSS entry.
INFO:PlexMover:Using TMDB ID 1287850 → Exact match: 'Hell Hole' (2024)
INFO:PlexMover:Generated pseudo_hash for RSS: 'Hell Hole' (2024) -> 94b60797... from link: https://hd-olimpo.club/torrent/download/69521.1e74...
INFO:PlexMover:Movie 'Hell Hole' (2024) already exists in dashboard with hash f41fe971... Skipping duplicate RSS entry.
INFO:PlexMover:Using TMDB ID 1441563 → Exact match: 'El secreto de Papá Noel' (2025)
INFO:PlexMover:Generated pseudo_hash for RSS: 'El secreto de Papá Noel' (2025) -> 60874283... from link: https://hd-olimpo.club/torrent/download/69517.1e74...
INFO:PlexMover:Movie 'El secreto de Papá Noel' (2025) is in ignored list. Skipping RSS entry and auto-download.
INFO:PlexMover:Using TMDB ID 48453 → Exact match: 'Concursante' (2007)
INFO:PlexMover:Generated pseudo_hash for RSS: 'Concursante' (2007) -> 2fffb0fd... from link: https://hd-olimpo.club/torrent/download/69498.1e74...
INFO:PlexMover:Movie 'Concursante' (2007) already exists in dashboard with hash 85157498... Skipping duplicate RSS entry.
INFO:PlexMover:Using TMDB ID 620639 → Exact match: 'La hija de un ladrón' (2019)
INFO:PlexMover:Generated pseudo_hash for RSS: 'La hija de un ladrón' (2019) -> c0c303e5... from link: https://hd-olimpo.club/torrent/download/69495.1e74...
INFO:PlexMover:Movie 'La hija de un ladrón' (2019) is in ignored list. Skipping RSS entry and auto-download.
INFO:PlexMover:Using TMDB ID 1261825 → Exact match: 'Oh. What. Fun.' (2025)
INFO:PlexMover:Generated pseudo_hash for RSS: 'Oh. What. Fun.' (2025) -> 11e9f219... from link: https://hd-olimpo.club/torrent/download/69493.1e74...
INFO:PlexMover:Movie 'Oh. What. Fun.' (2025) is in ignored list. Skipping RSS entry and auto-download.
INFO:PlexMover:Using TMDB ID 533533 → Exact match: 'TRON: Ares' (2025)
INFO:PlexMover:Generated pseudo_hash for RSS: 'TRON: Ares' (2025) -> 23074b75... from link: https://hd-olimpo.club/torrent/download/69471.1e74...
INFO:PlexMover:Movie 'TRON: Ares' (2025) is in ignored list. Skipping RSS entry and auto-download.
INFO:PlexMover:Using TMDB ID 772 → Exact match: 'Solo en casa 2: Perdido en Nueva York' (1992)
INFO:PlexMover:Generated pseudo_hash for RSS: 'Solo en casa 2: Perdido en Nueva York' (1992) -> a8e87ec6... from link: https://hd-olimpo.club/torrent/download/69462.1e74...
INFO:PlexMover:RSS movie 'Solo en casa 2: Perdido en Nueva York' (1992) already exists with exact hash a8e87ec6..., skipping
INFO:PlexMover:Using TMDB ID 74052 → Exact match: 'Yo soy la Juani' (2006)
INFO:PlexMover:Generated pseudo_hash for RSS: 'Yo soy la Juani' (2006) -> 02565351... from link: https://hd-olimpo.club/torrent/download/69461.1e74...
INFO:PlexMover:Movie 'Yo soy la Juani' (2006) is in ignored list. Skipping RSS entry and auto-download.
INFO:PlexMover:Using TMDB ID 8970 → Exact match: 'Forasteros en Nueva York' (1999)
INFO:PlexMover:Generated pseudo_hash for RSS: 'Forasteros en Nueva York' (1999) -> 0c29ce20... from link: https://hd-olimpo.club/torrent/download/69460.1e74...
INFO:PlexMover:RSS movie 'Forasteros en Nueva York' (1999) already exists with exact hash 0c29ce20..., skipping
INFO:PlexMover:Using TMDB ID 533533 → Exact match: 'TRON: Ares' (2025)
INFO:PlexMover:Generated pseudo_hash for RSS: 'TRON: Ares' (2025) -> b31a9c0a... from link: https://hd-olimpo.club/torrent/download/69441.1e74...
INFO:PlexMover:Movie 'TRON: Ares' (2025) is in ignored list. Skipping RSS entry and auto-download.
INFO:PlexMover:Using TMDB ID 1361854 → Exact match: 'Las delicias del jardín' (2025)
INFO:PlexMover:Generated pseudo_hash for RSS: 'Las delicias del jardín' (2025) -> db3ec3a6... from link: https://hd-olimpo.club/torrent/download/69436.1e74...
INFO:PlexMover:Movie 'Las delicias del jardín' (2025) is in ignored list. Skipping RSS entry and auto-download.
INFO:PlexMover:Using TMDB ID 1180831 → Exact match: 'Trol 2' (2025)
INFO:PlexMover:Generated pseudo_hash for RSS: 'Trol 2' (2025) -> 5a060fe1... from link: https://hd-olimpo.club/torrent/download/69428.1e74...
INFO:PlexMover:Movie 'Trol 2' (2025) is in ignored list. Skipping RSS entry and auto-download.
INFO:PlexMover:Using TMDB ID 605542 → Exact match: 'Perdidos en la noche' (2023)
INFO:PlexMover:Generated pseudo_hash for RSS: 'Perdidos en la noche' (2023) -> 0678582b... from link: https://hd-olimpo.club/torrent/download/69398.1e74...
INFO:PlexMover:Movie 'Perdidos en la noche' (2023) is in ignored list. Skipping RSS entry and auto-download.
INFO:PlexMover:Using TMDB ID 1002158 → Exact match: 'Rapaces' (2025)
INFO:PlexMover:Generated pseudo_hash for RSS: 'Rapaces' (2025) -> a27b10d5... from link: https://hd-olimpo.club/torrent/download/69390.1e74...
INFO:PlexMover:Movie 'Rapaces' (2025) is in ignored list. Skipping RSS entry and auto-download.
INFO:PlexMover:Using TMDB ID 1280282 → Exact match: 'La casa de muñecas de Gabby: La película' (2025)
INFO:PlexMover:Generated pseudo_hash for RSS: 'La casa de muñecas de Gabby: La película' (2025) -> 94c5eb5f... from link: https://hd-olimpo.club/torrent/download/69387.1e74...
INFO:PlexMover:RSS movie 'La casa de muñecas de Gabby: La película' (2025) already exists with exact hash 94c5eb5f..., skipping
INFO:PlexMover:Using TMDB ID 1151272 → Exact match: 'Sirāt' (2025)
INFO:PlexMover:Generated pseudo_hash for RSS: 'Sirāt' (2025) -> 40663c1d... from link: https://hd-olimpo.club/torrent/download/69350.1e74...
INFO:PlexMover:Movie 'Sirāt' (2025) is in ignored list. Skipping RSS entry and auto-download.
INFO:PlexMover:Using TMDB ID 640 → Exact match: 'Atrápame si puedes' (2002)
INFO:PlexMover:Generated pseudo_hash for RSS: 'Atrápame si puedes' (2002) -> 98401e83... from link: https://hd-olimpo.club/torrent/download/69344.1e74...
INFO:PlexMover:RSS movie 'Atrápame si puedes' (2002) already exists with exact hash 98401e83..., skipping
INFO:PlexMover:Using TMDB ID 1426968 → Exact match: 'Ya no quedan junglas' (2025)
INFO:PlexMover:Generated pseudo_hash for RSS: 'Ya no quedan junglas' (2025) -> af0c1828... from link: https://hd-olimpo.club/torrent/download/69336.1e74...
INFO:PlexMover:RSS movie 'Ya no quedan junglas' (2025) already exists with exact hash af0c1828..., skipping
INFO:PlexMover:Using TMDB ID 1469354 → Exact match: 'Cazadores de fronteras' (2025)
INFO:PlexMover:Generated pseudo_hash for RSS: 'Cazadores de fronteras' (2025) -> 3a29d3fa... from link: https://hd-olimpo.club/torrent/download/69330.1e74...
INFO:PlexMover:Movie 'Cazadores de fronteras' (2025) is in ignored list. Skipping RSS entry and auto-download.
INFO:PlexMover:Using TMDB ID 1218762 → Exact match: 'Un robo muy navideño' (2025)
INFO:PlexMover:Generated pseudo_hash for RSS: 'Un robo muy navideño' (2025) -> 3da2c19d... from link: https://hd-olimpo.club/torrent/download/69328.1e74...
INFO:PlexMover:RSS movie 'Un robo muy navideño' (2025) already exists with exact hash 3da2c19d..., skipping
INFO:PlexMover:Using TMDB ID 1196573 → Exact match: 'La educación de Polly McClusky' (2025)
INFO:PlexMover:Generated pseudo_hash for RSS: 'La educación de Polly McClusky' (2025) -> 6bc5d62d... from link: https://hd-olimpo.club/torrent/download/69324.1e74...
INFO:PlexMover:RSS movie 'La educación de Polly McClusky' (2025) already exists with exact hash 6bc5d62d..., skipping
INFO:PlexMover:Using TMDB ID 1522377 → Exact match: 'Dos mundos, un deseo' (2025)
INFO:PlexMover:Generated pseudo_hash for RSS: 'Dos mundos, un deseo' (2025) -> 1f6072e2... from link: https://hd-olimpo.club/torrent/download/69321.1e74...
INFO:PlexMover:Movie 'Dos mundos, un deseo' (2025) is in ignored list. Skipping RSS entry and auto-download.
INFO:PlexMover:Using TMDB ID 9260 → Exact match: 'Bienvenidos a Collinwood' (2002)
INFO:PlexMover:Generated pseudo_hash for RSS: 'Bienvenidos a Collinwood' (2002) -> d97a6eb9... from link: https://hd-olimpo.club/torrent/download/69308.1e74...
INFO:PlexMover:RSS movie 'Bienvenidos a Collinwood' (2002) already exists with exact hash d97a6eb9..., skipping
INFO:PlexMover:Using TMDB ID 1327862 → Exact match: 'A pesar de ti' (2025)
INFO:PlexMover:Generated pseudo_hash for RSS: 'A pesar de ti' (2025) -> 380ea8d5... from link: https://hd-olimpo.club/torrent/download/69285.1e74...
INFO:PlexMover:RSS movie 'A pesar de ti' (2025) already exists with exact hash 380ea8d5..., skipping
INFO:PlexMover:Using TMDB ID 1299655 → Exact match: 'Blue Moon' (2025)
INFO:PlexMover:Generated pseudo_hash for RSS: 'Blue Moon' (2025) -> 588658fb... from link: https://hd-olimpo.club/torrent/download/69283.1e74...
INFO:PlexMover:Movie 'Blue Moon' (2025) is in ignored list. Skipping RSS entry and auto-download.
INFO:PlexMover:Using TMDB ID 1340828 → Exact match: 'Mujercitas en Navidad' (2024)
INFO:PlexMover:Generated pseudo_hash for RSS: 'Mujercitas en Navidad' (2024) -> 4c0d5c4e... from link: https://hd-olimpo.club/torrent/download/69259.1e74...
INFO:PlexMover:Movie 'Mujercitas en Navidad' (2024) is in ignored list. Skipping RSS entry and auto-download.
INFO:PlexMover:Using TMDB ID 23168 → Exact match: 'The Town: Ciudad de ladrones' (2010)
INFO:PlexMover:Generated pseudo_hash for RSS: 'The Town: Ciudad de ladrones' (2010) -> 4cf0a040... from link: https://hd-olimpo.club/torrent/download/69248.1e74...
INFO:PlexMover:RSS movie 'The Town: Ciudad de ladrones' (2010) already exists with exact hash 4cf0a040..., skipping
INFO:PlexMover:RSS auto-refresh successful: Added 0 new movies from RSS
INFO:PlexMover:Auto-refreshing RSS feed: HDO RSS
INFO:PlexMover:Fetching RSS: https://hd-olimpo.club/rss/5785.1e74c04b3cb6dd11abdac5b9bf4a315c
INFO:PlexMover:Processing 30 unique entries from RSS feeds (limit: 30)
INFO:PlexMover:Using TMDB ID 31352 → Exact match: 'Doraemon y el Imperio Maya' (2000)
INFO:PlexMover:Generated pseudo_hash for RSS: 'Doraemon y el Imperio Maya' (2000) -> ebc75996... from link: https://hd-olimpo.club/torrent/download/69526.1e74...
INFO:PlexMover:Movie 'Doraemon y el Imperio Maya' (2000) already exists in dashboard with hash 21776841... Skipping duplicate RSS entry.
INFO:PlexMover:Using TMDB ID 106164 → Exact match: 'Doraemon y el tren del tiempo' (1996)
INFO:PlexMover:Generated pseudo_hash for RSS: 'Doraemon y el tren del tiempo' (1996) -> 3bf27195... from link: https://hd-olimpo.club/torrent/download/69525.1e74...
INFO:PlexMover:Movie 'Doraemon y el tren del tiempo' (1996) already exists in dashboard with hash 06f575e8... Skipping duplicate RSS entry.
INFO:PlexMover:Using TMDB ID 1502147 → Exact match: 'Cariñena, vino del mar' (2025)
INFO:PlexMover:Generated pseudo_hash for RSS: 'Cariñena, vino del mar' (2025) -> e91e0ab8... from link: https://hd-olimpo.club/torrent/download/69523.1e74...
INFO:PlexMover:Movie 'Cariñena, vino del mar' (2025) already exists in dashboard with hash aebfaf1d... Skipping duplicate RSS entry.
INFO:PlexMover:Using TMDB ID 1287850 → Exact match: 'Hell Hole' (2024)
INFO:PlexMover:Generated pseudo_hash for RSS: 'Hell Hole' (2024) -> 94b60797... from link: https://hd-olimpo.club/torrent/download/69521.1e74...
INFO:PlexMover:Movie 'Hell Hole' (2024) already exists in dashboard with hash f41fe971... Skipping duplicate RSS entry.
INFO:PlexMover:Using TMDB ID 1441563 → Exact match: 'El secreto de Papá Noel' (2025)
INFO:PlexMover:Generated pseudo_hash for RSS: 'El secreto de Papá Noel' (2025) -> 60874283... from link: https://hd-olimpo.club/torrent/download/69517.1e74...
INFO:PlexMover:Movie 'El secreto de Papá Noel' (2025) is in ignored list. Skipping RSS entry and auto-download.
INFO:PlexMover:Using TMDB ID 48453 → Exact match: 'Concursante' (2007)
INFO:PlexMover:Generated pseudo_hash for RSS: 'Concursante' (2007) -> 2fffb0fd... from link: https://hd-olimpo.club/torrent/download/69498.1e74...
INFO:PlexMover:Movie 'Concursante' (2007) already exists in dashboard with hash 85157498... Skipping duplicate RSS entry.
INFO:PlexMover:Using TMDB ID 620639 → Exact match: 'La hija de un ladrón' (2019)
INFO:PlexMover:Generated pseudo_hash for RSS: 'La hija de un ladrón' (2019) -> c0c303e5... from link: https://hd-olimpo.club/torrent/download/69495.1e74...
INFO:PlexMover:Movie 'La hija de un ladrón' (2019) is in ignored list. Skipping RSS entry and auto-download.
INFO:PlexMover:Using TMDB ID 1261825 → Exact match: 'Oh. What. Fun.' (2025)
INFO:PlexMover:Generated pseudo_hash for RSS: 'Oh. What. Fun.' (2025) -> 11e9f219... from link: https://hd-olimpo.club/torrent/download/69493.1e74...
INFO:PlexMover:Movie 'Oh. What. Fun.' (2025) is in ignored list. Skipping RSS entry and auto-download.
INFO:PlexMover:Using TMDB ID 533533 → Exact match: 'TRON: Ares' (2025)
INFO:PlexMover:Generated pseudo_hash for RSS: 'TRON: Ares' (2025) -> 23074b75... from link: https://hd-olimpo.club/torrent/download/69471.1e74...
INFO:PlexMover:Movie 'TRON: Ares' (2025) is in ignored list. Skipping RSS entry and auto-download.
INFO:PlexMover:Using TMDB ID 772 → Exact match: 'Solo en casa 2: Perdido en Nueva York' (1992)
INFO:PlexMover:Generated pseudo_hash for RSS: 'Solo en casa 2: Perdido en Nueva York' (1992) -> a8e87ec6... from link: https://hd-olimpo.club/torrent/download/69462.1e74...
INFO:PlexMover:RSS movie 'Solo en casa 2: Perdido en Nueva York' (1992) already exists with exact hash a8e87ec6..., skipping
INFO:PlexMover:Using TMDB ID 74052 → Exact match: 'Yo soy la Juani' (2006)
INFO:PlexMover:Generated pseudo_hash for RSS: 'Yo soy la Juani' (2006) -> 02565351... from link: https://hd-olimpo.club/torrent/download/69461.1e74...
INFO:PlexMover:Movie 'Yo soy la Juani' (2006) is in ignored list. Skipping RSS entry and auto-download.
INFO:PlexMover:Using TMDB ID 8970 → Exact match: 'Forasteros en Nueva York' (1999)
INFO:PlexMover:Generated pseudo_hash for RSS: 'Forasteros en Nueva York' (1999) -> 0c29ce20... from link: https://hd-olimpo.club/torrent/download/69460.1e74...
INFO:PlexMover:RSS movie 'Forasteros en Nueva York' (1999) already exists with exact hash 0c29ce20..., skipping
INFO:PlexMover:Using TMDB ID 533533 → Exact match: 'TRON: Ares' (2025)
INFO:PlexMover:Generated pseudo_hash for RSS: 'TRON: Ares' (2025) -> b31a9c0a... from link: https://hd-olimpo.club/torrent/download/69441.1e74...
INFO:PlexMover:Movie 'TRON: Ares' (2025) is in ignored list. Skipping RSS entry and auto-download.
INFO:PlexMover:Using TMDB ID 1361854 → Exact match: 'Las delicias del jardín' (2025)
INFO:PlexMover:Generated pseudo_hash for RSS: 'Las delicias del jardín' (2025) -> db3ec3a6... from link: https://hd-olimpo.club/torrent/download/69436.1e74...
INFO:PlexMover:Movie 'Las delicias del jardín' (2025) is in ignored list. Skipping RSS entry and auto-download.
INFO:PlexMover:Using TMDB ID 1180831 → Exact match: 'Trol 2' (2025)
INFO:PlexMover:Generated pseudo_hash for RSS: 'Trol 2' (2025) -> 5a060fe1... from link: https://hd-olimpo.club/torrent/download/69428.1e74...
INFO:PlexMover:Movie 'Trol 2' (2025) is in ignored list. Skipping RSS entry and auto-download.
INFO:PlexMover:Using TMDB ID 605542 → Exact match: 'Perdidos en la noche' (2023)
INFO:PlexMover:Generated pseudo_hash for RSS: 'Perdidos en la noche' (2023) -> 0678582b... from link: https://hd-olimpo.club/torrent/download/69398.1e74...
INFO:PlexMover:Movie 'Perdidos en la noche' (2023) is in ignored list. Skipping RSS entry and auto-download.
INFO:PlexMover:Using TMDB ID 1002158 → Exact match: 'Rapaces' (2025)
INFO:PlexMover:Generated pseudo_hash for RSS: 'Rapaces' (2025) -> a27b10d5... from link: https://hd-olimpo.club/torrent/download/69390.1e74...
INFO:PlexMover:Movie 'Rapaces' (2025) is in ignored list. Skipping RSS entry and auto-download.
INFO:PlexMover:Using TMDB ID 1280282 → Exact match: 'La casa de muñecas de Gabby: La película' (2025)
INFO:PlexMover:Generated pseudo_hash for RSS: 'La casa de muñecas de Gabby: La película' (2025) -> 94c5eb5f... from link: https://hd-olimpo.club/torrent/download/69387.1e74...
INFO:PlexMover:RSS movie 'La casa de muñecas de Gabby: La película' (2025) already exists with exact hash 94c5eb5f..., skipping
INFO:PlexMover:Using TMDB ID 1151272 → Exact match: 'Sirāt' (2025)
INFO:PlexMover:Generated pseudo_hash for RSS: 'Sirāt' (2025) -> 40663c1d... from link: https://hd-olimpo.club/torrent/download/69350.1e74...
INFO:PlexMover:Movie 'Sirāt' (2025) is in ignored list. Skipping RSS entry and auto-download.
INFO:PlexMover:Using TMDB ID 640 → Exact match: 'Atrápame si puedes' (2002)
INFO:PlexMover:Generated pseudo_hash for RSS: 'Atrápame si puedes' (2002) -> 98401e83... from link: https://hd-olimpo.club/torrent/download/69344.1e74...
INFO:PlexMover:RSS movie 'Atrápame si puedes' (2002) already exists with exact hash 98401e83..., skipping
INFO:PlexMover:Using TMDB ID 1426968 → Exact match: 'Ya no quedan junglas' (2025)
INFO:PlexMover:Generated pseudo_hash for RSS: 'Ya no quedan junglas' (2025) -> af0c1828... from link: https://hd-olimpo.club/torrent/download/69336.1e74...
INFO:PlexMover:RSS movie 'Ya no quedan junglas' (2025) already exists with exact hash af0c1828..., skipping
INFO:PlexMover:Using TMDB ID 1469354 → Exact match: 'Cazadores de fronteras' (2025)
INFO:PlexMover:Generated pseudo_hash for RSS: 'Cazadores de fronteras' (2025) -> 3a29d3fa... from link: https://hd-olimpo.club/torrent/download/69330.1e74...
INFO:PlexMover:Movie 'Cazadores de fronteras' (2025) is in ignored list. Skipping RSS entry and auto-download.
INFO:PlexMover:Using TMDB ID 1218762 → Exact match: 'Un robo muy navideño' (2025)
INFO:PlexMover:Generated pseudo_hash for RSS: 'Un robo muy navideño' (2025) -> 3da2c19d... from link: https://hd-olimpo.club/torrent/download/69328.1e74...
INFO:PlexMover:RSS movie 'Un robo muy navideño' (2025) already exists with exact hash 3da2c19d..., skipping
INFO:PlexMover:Using TMDB ID 1196573 → Exact match: 'La educación de Polly McClusky' (2025)
INFO:PlexMover:Generated pseudo_hash for RSS: 'La educación de Polly McClusky' (2025) -> 6bc5d62d... from link: https://hd-olimpo.club/torrent/download/69324.1e74...
INFO:PlexMover:RSS movie 'La educación de Polly McClusky' (2025) already exists with exact hash 6bc5d62d..., skipping
INFO:PlexMover:Using TMDB ID 1522377 → Exact match: 'Dos mundos, un deseo' (2025)
INFO:PlexMover:Generated pseudo_hash for RSS: 'Dos mundos, un deseo' (2025) -> 1f6072e2... from link: https://hd-olimpo.club/torrent/download/69321.1e74...
INFO:PlexMover:Movie 'Dos mundos, un deseo' (2025) is in ignored list. Skipping RSS entry and auto-download.
INFO:PlexMover:Using TMDB ID 9260 → Exact match: 'Bienvenidos a Collinwood' (2002)
INFO:PlexMover:Generated pseudo_hash for RSS: 'Bienvenidos a Collinwood' (2002) -> d97a6eb9... from link: https://hd-olimpo.club/torrent/download/69308.1e74...
INFO:PlexMover:RSS movie 'Bienvenidos a Collinwood' (2002) already exists with exact hash d97a6eb9..., skipping
INFO:PlexMover:Using TMDB ID 1327862 → Exact match: 'A pesar de ti' (2025)
INFO:PlexMover:Generated pseudo_hash for RSS: 'A pesar de ti' (2025) -> 380ea8d5... from link: https://hd-olimpo.club/torrent/download/69285.1e74...
INFO:PlexMover:RSS movie 'A pesar de ti' (2025) already exists with exact hash 380ea8d5..., skipping
INFO:PlexMover:Using TMDB ID 1299655 → Exact match: 'Blue Moon' (2025)
INFO:PlexMover:Generated pseudo_hash for RSS: 'Blue Moon' (2025) -> 588658fb... from link: https://hd-olimpo.club/torrent/download/69283.1e74...
INFO:PlexMover:Movie 'Blue Moon' (2025) is in ignored list. Skipping RSS entry and auto-download.
INFO:PlexMover:Using TMDB ID 1340828 → Exact match: 'Mujercitas en Navidad' (2024)
INFO:PlexMover:Generated pseudo_hash for RSS: 'Mujercitas en Navidad' (2024) -> 4c0d5c4e... from link: https://hd-olimpo.club/torrent/download/69259.1e74...
INFO:PlexMover:Movie 'Mujercitas en Navidad' (2024) is in ignored list. Skipping RSS entry and auto-download.
INFO:PlexMover:Using TMDB ID 23168 → Exact match: 'The Town: Ciudad de ladrones' (2010)
INFO:PlexMover:Generated pseudo_hash for RSS: 'The Town: Ciudad de ladrones' (2010) -> 4cf0a040... from link: https://hd-olimpo.club/torrent/download/69248.1e74...
INFO:PlexMover:RSS movie 'The Town: Ciudad de ladrones' (2010) already exists with exact hash 4cf0a040..., skipping
INFO:PlexMover:RSS auto-refresh successful: Added 0 new movies from RSS
INFO:PlexMover:Auto-refreshing RSS feed: HDO RSS
INFO:PlexMover:Fetching RSS: https://hd-olimpo.club/rss/5785.1e74c04b3cb6dd11abdac5b9bf4a315c
INFO:PlexMover:Processing 30 unique entries from RSS feeds (limit: 30)
INFO:PlexMover:Using TMDB ID 31352 → Exact match: 'Doraemon y el Imperio Maya' (2000)
INFO:PlexMover:Generated pseudo_hash for RSS: 'Doraemon y el Imperio Maya' (2000) -> ebc75996... from link: https://hd-olimpo.club/torrent/download/69526.1e74...
INFO:PlexMover:Movie 'Doraemon y el Imperio Maya' (2000) already exists in dashboard with hash 21776841... Skipping duplicate RSS entry.
INFO:PlexMover:Using TMDB ID 106164 → Exact match: 'Doraemon y el tren del tiempo' (1996)
INFO:PlexMover:Generated pseudo_hash for RSS: 'Doraemon y el tren del tiempo' (1996) -> 3bf27195... from link: https://hd-olimpo.club/torrent/download/69525.1e74...
INFO:PlexMover:Movie 'Doraemon y el tren del tiempo' (1996) already exists in dashboard with hash 06f575e8... Skipping duplicate RSS entry.
INFO:PlexMover:Using TMDB ID 1502147 → Exact match: 'Cariñena, vino del mar' (2025)
INFO:PlexMover:Generated pseudo_hash for RSS: 'Cariñena, vino del mar' (2025) -> e91e0ab8... from link: https://hd-olimpo.club/torrent/download/69523.1e74...
INFO:PlexMover:Movie 'Cariñena, vino del mar' (2025) already exists in dashboard with hash aebfaf1d... Skipping duplicate RSS entry.
INFO:PlexMover:Using TMDB ID 1287850 → Exact match: 'Hell Hole' (2024)
INFO:PlexMover:Generated pseudo_hash for RSS: 'Hell Hole' (2024) -> 94b60797... from link: https://hd-olimpo.club/torrent/download/69521.1e74...
INFO:PlexMover:Movie 'Hell Hole' (2024) already exists in dashboard with hash f41fe971... Skipping duplicate RSS entry.
INFO:PlexMover:Using TMDB ID 1441563 → Exact match: 'El secreto de Papá Noel' (2025)
INFO:PlexMover:Generated pseudo_hash for RSS: 'El secreto de Papá Noel' (2025) -> 60874283... from link: https://hd-olimpo.club/torrent/download/69517.1e74...
INFO:PlexMover:Movie 'El secreto de Papá Noel' (2025) is in ignored list. Skipping RSS entry and auto-download.
INFO:PlexMover:Using TMDB ID 48453 → Exact match: 'Concursante' (2007)
INFO:PlexMover:Generated pseudo_hash for RSS: 'Concursante' (2007) -> 2fffb0fd... from link: https://hd-olimpo.club/torrent/download/69498.1e74...
INFO:PlexMover:Movie 'Concursante' (2007) already exists in dashboard with hash 85157498... Skipping duplicate RSS entry.
INFO:PlexMover:Using TMDB ID 620639 → Exact match: 'La hija de un ladrón' (2019)
INFO:PlexMover:Generated pseudo_hash for RSS: 'La hija de un ladrón' (2019) -> c0c303e5... from link: https://hd-olimpo.club/torrent/download/69495.1e74...
INFO:PlexMover:Movie 'La hija de un ladrón' (2019) is in ignored list. Skipping RSS entry and auto-download.
INFO:PlexMover:Using TMDB ID 1261825 → Exact match: 'Oh. What. Fun.' (2025)
INFO:PlexMover:Generated pseudo_hash for RSS: 'Oh. What. Fun.' (2025) -> 11e9f219... from link: https://hd-olimpo.club/torrent/download/69493.1e74...
INFO:PlexMover:Movie 'Oh. What. Fun.' (2025) is in ignored list. Skipping RSS entry and auto-download.
INFO:PlexMover:Using TMDB ID 533533 → Exact match: 'TRON: Ares' (2025)
INFO:PlexMover:Generated pseudo_hash for RSS: 'TRON: Ares' (2025) -> 23074b75... from link: https://hd-olimpo.club/torrent/download/69471.1e74...
INFO:PlexMover:Movie 'TRON: Ares' (2025) is in ignored list. Skipping RSS entry and auto-download.
INFO:PlexMover:Using TMDB ID 772 → Exact match: 'Solo en casa 2: Perdido en Nueva York' (1992)
INFO:PlexMover:Generated pseudo_hash for RSS: 'Solo en casa 2: Perdido en Nueva York' (1992) -> a8e87ec6... from link: https://hd-olimpo.club/torrent/download/69462.1e74...
INFO:PlexMover:RSS movie 'Solo en casa 2: Perdido en Nueva York' (1992) already exists with exact hash a8e87ec6..., skipping
INFO:PlexMover:Using TMDB ID 74052 → Exact match: 'Yo soy la Juani' (2006)
INFO:PlexMover:Generated pseudo_hash for RSS: 'Yo soy la Juani' (2006) -> 02565351... from link: https://hd-olimpo.club/torrent/download/69461.1e74...
INFO:PlexMover:Movie 'Yo soy la Juani' (2006) is in ignored list. Skipping RSS entry and auto-download.
INFO:PlexMover:Using TMDB ID 8970 → Exact match: 'Forasteros en Nueva York' (1999)
INFO:PlexMover:Generated pseudo_hash for RSS: 'Forasteros en Nueva York' (1999) -> 0c29ce20... from link: https://hd-olimpo.club/torrent/download/69460.1e74...
INFO:PlexMover:RSS movie 'Forasteros en Nueva York' (1999) already exists with exact hash 0c29ce20..., skipping
INFO:PlexMover:Using TMDB ID 533533 → Exact match: 'TRON: Ares' (2025)
INFO:PlexMover:Generated pseudo_hash for RSS: 'TRON: Ares' (2025) -> b31a9c0a... from link: https://hd-olimpo.club/torrent/download/69441.1e74...
INFO:PlexMover:Movie 'TRON: Ares' (2025) is in ignored list. Skipping RSS entry and auto-download.
INFO:PlexMover:Using TMDB ID 1361854 → Exact match: 'Las delicias del jardín' (2025)
INFO:PlexMover:Generated pseudo_hash for RSS: 'Las delicias del jardín' (2025) -> db3ec3a6... from link: https://hd-olimpo.club/torrent/download/69436.1e74...
INFO:PlexMover:Movie 'Las delicias del jardín' (2025) is in ignored list. Skipping RSS entry and auto-download.
INFO:PlexMover:Using TMDB ID 1180831 → Exact match: 'Trol 2' (2025)
INFO:PlexMover:Generated pseudo_hash for RSS: 'Trol 2' (2025) -> 5a060fe1... from link: https://hd-olimpo.club/torrent/download/69428.1e74...
INFO:PlexMover:Movie 'Trol 2' (2025) is in ignored list. Skipping RSS entry and auto-download.
INFO:PlexMover:Using TMDB ID 605542 → Exact match: 'Perdidos en la noche' (2023)
INFO:PlexMover:Generated pseudo_hash for RSS: 'Perdidos en la noche' (2023) -> 0678582b... from link: https://hd-olimpo.club/torrent/download/69398.1e74...
INFO:PlexMover:Movie 'Perdidos en la noche' (2023) is in ignored list. Skipping RSS entry and auto-download.
INFO:PlexMover:Using TMDB ID 1002158 → Exact match: 'Rapaces' (2025)
INFO:PlexMover:Generated pseudo_hash for RSS: 'Rapaces' (2025) -> a27b10d5... from link: https://hd-olimpo.club/torrent/download/69390.1e74...
INFO:PlexMover:Movie 'Rapaces' (2025) is in ignored list. Skipping RSS entry and auto-download.
INFO:PlexMover:Using TMDB ID 1280282 → Exact match: 'La casa de muñecas de Gabby: La película' (2025)
INFO:PlexMover:Generated pseudo_hash for RSS: 'La casa de muñecas de Gabby: La película' (2025) -> 94c5eb5f... from link: https://hd-olimpo.club/torrent/download/69387.1e74...
INFO:PlexMover:RSS movie 'La casa de muñecas de Gabby: La película' (2025) already exists with exact hash 94c5eb5f..., skipping
INFO:PlexMover:Using TMDB ID 1151272 → Exact match: 'Sirāt' (2025)
INFO:PlexMover:Generated pseudo_hash for RSS: 'Sirāt' (2025) -> 40663c1d... from link: https://hd-olimpo.club/torrent/download/69350.1e74...
INFO:PlexMover:Movie 'Sirāt' (2025) is in ignored list. Skipping RSS entry and auto-download.
INFO:PlexMover:Using TMDB ID 640 → Exact match: 'Atrápame si puedes' (2002)
INFO:PlexMover:Generated pseudo_hash for RSS: 'Atrápame si puedes' (2002) -> 98401e83... from link: https://hd-olimpo.club/torrent/download/69344.1e74...
INFO:PlexMover:RSS movie 'Atrápame si puedes' (2002) already exists with exact hash 98401e83..., skipping
INFO:PlexMover:Using TMDB ID 1426968 → Exact match: 'Ya no quedan junglas' (2025)
INFO:PlexMover:Generated pseudo_hash for RSS: 'Ya no quedan junglas' (2025) -> af0c1828... from link: https://hd-olimpo.club/torrent/download/69336.1e74...
INFO:PlexMover:RSS movie 'Ya no quedan junglas' (2025) already exists with exact hash af0c1828..., skipping
INFO:PlexMover:Using TMDB ID 1469354 → Exact match: 'Cazadores de fronteras' (2025)
INFO:PlexMover:Generated pseudo_hash for RSS: 'Cazadores de fronteras' (2025) -> 3a29d3fa... from link: https://hd-olimpo.club/torrent/download/69330.1e74...
INFO:PlexMover:Movie 'Cazadores de fronteras' (2025) is in ignored list. Skipping RSS entry and auto-download.
INFO:PlexMover:Using TMDB ID 1218762 → Exact match: 'Un robo muy navideño' (2025)
INFO:PlexMover:Generated pseudo_hash for RSS: 'Un robo muy navideño' (2025) -> 3da2c19d... from link: https://hd-olimpo.club/torrent/download/69328.1e74...
INFO:PlexMover:RSS movie 'Un robo muy navideño' (2025) already exists with exact hash 3da2c19d..., skipping
INFO:PlexMover:Using TMDB ID 1196573 → Exact match: 'La educación de Polly McClusky' (2025)
INFO:PlexMover:Generated pseudo_hash for RSS: 'La educación de Polly McClusky' (2025) -> 6bc5d62d... from link: https://hd-olimpo.club/torrent/download/69324.1e74...
INFO:PlexMover:RSS movie 'La educación de Polly McClusky' (2025) already exists with exact hash 6bc5d62d..., skipping
INFO:PlexMover:Using TMDB ID 1522377 → Exact match: 'Dos mundos, un deseo' (2025)
INFO:PlexMover:Generated pseudo_hash for RSS: 'Dos mundos, un deseo' (2025) -> 1f6072e2... from link: https://hd-olimpo.club/torrent/download/69321.1e74...
INFO:PlexMover:Movie 'Dos mundos, un deseo' (2025) is in ignored list. Skipping RSS entry and auto-download.
INFO:PlexMover:Using TMDB ID 9260 → Exact match: 'Bienvenidos a Collinwood' (2002)
INFO:PlexMover:Generated pseudo_hash for RSS: 'Bienvenidos a Collinwood' (2002) -> d97a6eb9... from link: https://hd-olimpo.club/torrent/download/69308.1e74...
INFO:PlexMover:RSS movie 'Bienvenidos a Collinwood' (2002) already exists with exact hash d97a6eb9..., skipping
INFO:PlexMover:Using TMDB ID 1327862 → Exact match: 'A pesar de ti' (2025)
INFO:PlexMover:Generated pseudo_hash for RSS: 'A pesar de ti' (2025) -> 380ea8d5... from link: https://hd-olimpo.club/torrent/download/69285.1e74...
INFO:PlexMover:RSS movie 'A pesar de ti' (2025) already exists with exact hash 380ea8d5..., skipping
INFO:PlexMover:Using TMDB ID 1299655 → Exact match: 'Blue Moon' (2025)
INFO:PlexMover:Generated pseudo_hash for RSS: 'Blue Moon' (2025) -> 588658fb... from link: https://hd-olimpo.club/torrent/download/69283.1e74...
INFO:PlexMover:Movie 'Blue Moon' (2025) is in ignored list. Skipping RSS entry and auto-download.
INFO:PlexMover:Using TMDB ID 1340828 → Exact match: 'Mujercitas en Navidad' (2024)
INFO:PlexMover:Generated pseudo_hash for RSS: 'Mujercitas en Navidad' (2024) -> 4c0d5c4e... from link: https://hd-olimpo.club/torrent/download/69259.1e74...
INFO:PlexMover:Movie 'Mujercitas en Navidad' (2024) is in ignored list. Skipping RSS entry and auto-download.
INFO:PlexMover:Using TMDB ID 23168 → Exact match: 'The Town: Ciudad de ladrones' (2010)
INFO:PlexMover:Generated pseudo_hash for RSS: 'The Town: Ciudad de ladrones' (2010) -> 4cf0a040... from link: https://hd-olimpo.club/torrent/download/69248.1e74...
INFO:PlexMover:RSS movie 'The Town: Ciudad de ladrones' (2010) already exists with exact hash 4cf0a040..., skipping
INFO:PlexMover:RSS auto-refresh successful: Added 0 new movies from RSS
INFO:PlexMover:Auto-refreshing RSS feed: HDO RSS
INFO:PlexMover:Fetching RSS: https://hd-olimpo.club/rss/5785.1e74c04b3cb6dd11abdac5b9bf4a315c
INFO:PlexMover:Processing 30 unique entries from RSS feeds (limit: 30)
INFO:PlexMover:Using TMDB ID 31352 → Exact match: 'Doraemon y el Imperio Maya' (2000)
INFO:PlexMover:Generated pseudo_hash for RSS: 'Doraemon y el Imperio Maya' (2000) -> ebc75996... from link: https://hd-olimpo.club/torrent/download/69526.1e74...
INFO:PlexMover:Movie 'Doraemon y el Imperio Maya' (2000) already exists in dashboard with hash 21776841... Skipping duplicate RSS entry.
INFO:PlexMover:Using TMDB ID 106164 → Exact match: 'Doraemon y el tren del tiempo' (1996)
INFO:PlexMover:Generated pseudo_hash for RSS: 'Doraemon y el tren del tiempo' (1996) -> 3bf27195... from link: https://hd-olimpo.club/torrent/download/69525.1e74...
INFO:PlexMover:Movie 'Doraemon y el tren del tiempo' (1996) already exists in dashboard with hash 06f575e8... Skipping duplicate RSS entry.
INFO:PlexMover:Using TMDB ID 1502147 → Exact match: 'Cariñena, vino del mar' (2025)
INFO:PlexMover:Generated pseudo_hash for RSS: 'Cariñena, vino del mar' (2025) -> e91e0ab8... from link: https://hd-olimpo.club/torrent/download/69523.1e74...
INFO:PlexMover:Movie 'Cariñena, vino del mar' (2025) already exists in dashboard with hash aebfaf1d... Skipping duplicate RSS entry.
INFO:PlexMover:Using TMDB ID 1287850 → Exact match: 'Hell Hole' (2024)
INFO:PlexMover:Generated pseudo_hash for RSS: 'Hell Hole' (2024) -> 94b60797... from link: https://hd-olimpo.club/torrent/download/69521.1e74...
INFO:PlexMover:Movie 'Hell Hole' (2024) already exists in dashboard with hash f41fe971... Skipping duplicate RSS entry.
INFO:PlexMover:Using TMDB ID 1441563 → Exact match: 'El secreto de Papá Noel' (2025)
INFO:PlexMover:Generated pseudo_hash for RSS: 'El secreto de Papá Noel' (2025) -> 60874283... from link: https://hd-olimpo.club/torrent/download/69517.1e74...
INFO:PlexMover:Movie 'El secreto de Papá Noel' (2025) is in ignored list. Skipping RSS entry and auto-download.
INFO:PlexMover:Using TMDB ID 48453 → Exact match: 'Concursante' (2007)
INFO:PlexMover:Generated pseudo_hash for RSS: 'Concursante' (2007) -> 2fffb0fd... from link: https://hd-olimpo.club/torrent/download/69498.1e74...
INFO:PlexMover:Movie 'Concursante' (2007) already exists in dashboard with hash 85157498... Skipping duplicate RSS entry.
INFO:PlexMover:Using TMDB ID 620639 → Exact match: 'La hija de un ladrón' (2019)
INFO:PlexMover:Generated pseudo_hash for RSS: 'La hija de un ladrón' (2019) -> c0c303e5... from link: https://hd-olimpo.club/torrent/download/69495.1e74...
INFO:PlexMover:Movie 'La hija de un ladrón' (2019) is in ignored list. Skipping RSS entry and auto-download.
INFO:PlexMover:Using TMDB ID 1261825 → Exact match: 'Oh. What. Fun.' (2025)
INFO:PlexMover:Generated pseudo_hash for RSS: 'Oh. What. Fun.' (2025) -> 11e9f219... from link: https://hd-olimpo.club/torrent/download/69493.1e74...
INFO:PlexMover:Movie 'Oh. What. Fun.' (2025) is in ignored list. Skipping RSS entry and auto-download.
INFO:PlexMover:Using TMDB ID 533533 → Exact match: 'TRON: Ares' (2025)
INFO:PlexMover:Generated pseudo_hash for RSS: 'TRON: Ares' (2025) -> 23074b75... from link: https://hd-olimpo.club/torrent/download/69471.1e74...
INFO:PlexMover:Movie 'TRON: Ares' (2025) is in ignored list. Skipping RSS entry and auto-download.
INFO:PlexMover:Using TMDB ID 772 → Exact match: 'Solo en casa 2: Perdido en Nueva York' (1992)
INFO:PlexMover:Generated pseudo_hash for RSS: 'Solo en casa 2: Perdido en Nueva York' (1992) -> a8e87ec6... from link: https://hd-olimpo.club/torrent/download/69462.1e74...
INFO:PlexMover:RSS movie 'Solo en casa 2: Perdido en Nueva York' (1992) already exists with exact hash a8e87ec6..., skipping
INFO:PlexMover:Using TMDB ID 74052 → Exact match: 'Yo soy la Juani' (2006)
INFO:PlexMover:Generated pseudo_hash for RSS: 'Yo soy la Juani' (2006) -> 02565351... from link: https://hd-olimpo.club/torrent/download/69461.1e74...
INFO:PlexMover:Movie 'Yo soy la Juani' (2006) is in ignored list. Skipping RSS entry and auto-download.
INFO:PlexMover:Using TMDB ID 8970 → Exact match: 'Forasteros en Nueva York' (1999)
INFO:PlexMover:Generated pseudo_hash for RSS: 'Forasteros en Nueva York' (1999) -> 0c29ce20... from link: https://hd-olimpo.club/torrent/download/69460.1e74...
INFO:PlexMover:RSS movie 'Forasteros en Nueva York' (1999) already exists with exact hash 0c29ce20..., skipping
INFO:PlexMover:Using TMDB ID 533533 → Exact match: 'TRON: Ares' (2025)
INFO:PlexMover:Generated pseudo_hash for RSS: 'TRON: Ares' (2025) -> b31a9c0a... from link: https://hd-olimpo.club/torrent/download/69441.1e74...
INFO:PlexMover:Movie 'TRON: Ares' (2025) is in ignored list. Skipping RSS entry and auto-download.
INFO:PlexMover:Using TMDB ID 1361854 → Exact match: 'Las delicias del jardín' (2025)
INFO:PlexMover:Generated pseudo_hash for RSS: 'Las delicias del jardín' (2025) -> db3ec3a6... from link: https://hd-olimpo.club/torrent/download/69436.1e74...
INFO:PlexMover:Movie 'Las delicias del jardín' (2025) is in ignored list. Skipping RSS entry and auto-download.
INFO:PlexMover:Using TMDB ID 1180831 → Exact match: 'Trol 2' (2025)
INFO:PlexMover:Generated pseudo_hash for RSS: 'Trol 2' (2025) -> 5a060fe1... from link: https://hd-olimpo.club/torrent/download/69428.1e74...
INFO:PlexMover:Movie 'Trol 2' (2025) is in ignored list. Skipping RSS entry and auto-download.
INFO:PlexMover:Using TMDB ID 605542 → Exact match: 'Perdidos en la noche' (2023)
INFO:PlexMover:Generated pseudo_hash for RSS: 'Perdidos en la noche' (2023) -> 0678582b... from link: https://hd-olimpo.club/torrent/download/69398.1e74...
INFO:PlexMover:Movie 'Perdidos en la noche' (2023) is in ignored list. Skipping RSS entry and auto-download.
INFO:PlexMover:Using TMDB ID 1002158 → Exact match: 'Rapaces' (2025)
INFO:PlexMover:Generated pseudo_hash for RSS: 'Rapaces' (2025) -> a27b10d5... from link: https://hd-olimpo.club/torrent/download/69390.1e74...
INFO:PlexMover:Movie 'Rapaces' (2025) is in ignored list. Skipping RSS entry and auto-download.
INFO:PlexMover:Using TMDB ID 1280282 → Exact match: 'La casa de muñecas de Gabby: La película' (2025)
INFO:PlexMover:Generated pseudo_hash for RSS: 'La casa de muñecas de Gabby: La película' (2025) -> 94c5eb5f... from link: https://hd-olimpo.club/torrent/download/69387.1e74...
INFO:PlexMover:RSS movie 'La casa de muñecas de Gabby: La película' (2025) already exists with exact hash 94c5eb5f..., skipping
INFO:PlexMover:Using TMDB ID 1151272 → Exact match: 'Sirāt' (2025)
INFO:PlexMover:Generated pseudo_hash for RSS: 'Sirāt' (2025) -> 40663c1d... from link: https://hd-olimpo.club/torrent/download/69350.1e74...
INFO:PlexMover:Movie 'Sirāt' (2025) is in ignored list. Skipping RSS entry and auto-download.
INFO:PlexMover:Using TMDB ID 640 → Exact match: 'Atrápame si puedes' (2002)
INFO:PlexMover:Generated pseudo_hash for RSS: 'Atrápame si puedes' (2002) -> 98401e83... from link: https://hd-olimpo.club/torrent/download/69344.1e74...
INFO:PlexMover:RSS movie 'Atrápame si puedes' (2002) already exists with exact hash 98401e83..., skipping
INFO:PlexMover:Using TMDB ID 1426968 → Exact match: 'Ya no quedan junglas' (2025)
INFO:PlexMover:Generated pseudo_hash for RSS: 'Ya no quedan junglas' (2025) -> af0c1828... from link: https://hd-olimpo.club/torrent/download/69336.1e74...
INFO:PlexMover:RSS movie 'Ya no quedan junglas' (2025) already exists with exact hash af0c1828..., skipping
INFO:PlexMover:Using TMDB ID 1469354 → Exact match: 'Cazadores de fronteras' (2025)
INFO:PlexMover:Generated pseudo_hash for RSS: 'Cazadores de fronteras' (2025) -> 3a29d3fa... from link: https://hd-olimpo.club/torrent/download/69330.1e74...
INFO:PlexMover:Movie 'Cazadores de fronteras' (2025) is in ignored list. Skipping RSS entry and auto-download.
INFO:PlexMover:Using TMDB ID 1218762 → Exact match: 'Un robo muy navideño' (2025)
INFO:PlexMover:Generated pseudo_hash for RSS: 'Un robo muy navideño' (2025) -> 3da2c19d... from link: https://hd-olimpo.club/torrent/download/69328.1e74...
INFO:PlexMover:RSS movie 'Un robo muy navideño' (2025) already exists with exact hash 3da2c19d..., skipping
INFO:PlexMover:Using TMDB ID 1196573 → Exact match: 'La educación de Polly McClusky' (2025)
INFO:PlexMover:Generated pseudo_hash for RSS: 'La educación de Polly McClusky' (2025) -> 6bc5d62d... from link: https://hd-olimpo.club/torrent/download/69324.1e74...
INFO:PlexMover:RSS movie 'La educación de Polly McClusky' (2025) already exists with exact hash 6bc5d62d..., skipping
INFO:PlexMover:Using TMDB ID 1522377 → Exact match: 'Dos mundos, un deseo' (2025)
INFO:PlexMover:Generated pseudo_hash for RSS: 'Dos mundos, un deseo' (2025) -> 1f6072e2... from link: https://hd-olimpo.club/torrent/download/69321.1e74...
INFO:PlexMover:Movie 'Dos mundos, un deseo' (2025) is in ignored list. Skipping RSS entry and auto-download.
INFO:PlexMover:Using TMDB ID 9260 → Exact match: 'Bienvenidos a Collinwood' (2002)
INFO:PlexMover:Generated pseudo_hash for RSS: 'Bienvenidos a Collinwood' (2002) -> d97a6eb9... from link: https://hd-olimpo.club/torrent/download/69308.1e74...
INFO:PlexMover:RSS movie 'Bienvenidos a Collinwood' (2002) already exists with exact hash d97a6eb9..., skipping
INFO:PlexMover:Using TMDB ID 1327862 → Exact match: 'A pesar de ti' (2025)
INFO:PlexMover:Generated pseudo_hash for RSS: 'A pesar de ti' (2025) -> 380ea8d5... from link: https://hd-olimpo.club/torrent/download/69285.1e74...
INFO:PlexMover:RSS movie 'A pesar de ti' (2025) already exists with exact hash 380ea8d5..., skipping
INFO:PlexMover:Using TMDB ID 1299655 → Exact match: 'Blue Moon' (2025)
INFO:PlexMover:Generated pseudo_hash for RSS: 'Blue Moon' (2025) -> 588658fb... from link: https://hd-olimpo.club/torrent/download/69283.1e74...
INFO:PlexMover:Movie 'Blue Moon' (2025) is in ignored list. Skipping RSS entry and auto-download.
INFO:PlexMover:Using TMDB ID 1340828 → Exact match: 'Mujercitas en Navidad' (2024)
INFO:PlexMover:Generated pseudo_hash for RSS: 'Mujercitas en Navidad' (2024) -> 4c0d5c4e... from link: https://hd-olimpo.club/torrent/download/69259.1e74...
INFO:PlexMover:Movie 'Mujercitas en Navidad' (2024) is in ignored list. Skipping RSS entry and auto-download.
INFO:PlexMover:Using TMDB ID 23168 → Exact match: 'The Town: Ciudad de ladrones' (2010)
INFO:PlexMover:Generated pseudo_hash for RSS: 'The Town: Ciudad de ladrones' (2010) -> 4cf0a040... from link: https://hd-olimpo.club/torrent/download/69248.1e74...
INFO:PlexMover:RSS movie 'The Town: Ciudad de ladrones' (2010) already exists with exact hash 4cf0a040..., skipping
INFO:PlexMover:RSS auto-refresh successful: Added 0 new movies from RSS
INFO:PlexMover:Auto-refreshing RSS feed: HDO RSS
INFO:PlexMover:Fetching RSS: https://hd-olimpo.club/rss/5785.1e74c04b3cb6dd11abdac5b9bf4a315c
INFO:PlexMover:Processing 30 unique entries from RSS feeds (limit: 30)
INFO:PlexMover:Using TMDB ID 31352 → Exact match: 'Doraemon y el Imperio Maya' (2000)
INFO:PlexMover:Generated pseudo_hash for RSS: 'Doraemon y el Imperio Maya' (2000) -> ebc75996... from link: https://hd-olimpo.club/torrent/download/69526.1e74...
INFO:PlexMover:Movie 'Doraemon y el Imperio Maya' (2000) already exists in dashboard with hash 21776841... Skipping duplicate RSS entry.
INFO:PlexMover:Using TMDB ID 106164 → Exact match: 'Doraemon y el tren del tiempo' (1996)
INFO:PlexMover:Generated pseudo_hash for RSS: 'Doraemon y el tren del tiempo' (1996) -> 3bf27195... from link: https://hd-olimpo.club/torrent/download/69525.1e74...
INFO:PlexMover:Movie 'Doraemon y el tren del tiempo' (1996) already exists in dashboard with hash 06f575e8... Skipping duplicate RSS entry.
INFO:PlexMover:Using TMDB ID 1502147 → Exact match: 'Cariñena, vino del mar' (2025)
INFO:PlexMover:Generated pseudo_hash for RSS: 'Cariñena, vino del mar' (2025) -> e91e0ab8... from link: https://hd-olimpo.club/torrent/download/69523.1e74...
INFO:PlexMover:Movie 'Cariñena, vino del mar' (2025) already exists in dashboard with hash aebfaf1d... Skipping duplicate RSS entry.
INFO:PlexMover:Using TMDB ID 1287850 → Exact match: 'Hell Hole' (2024)
INFO:PlexMover:Generated pseudo_hash for RSS: 'Hell Hole' (2024) -> 94b60797... from link: https://hd-olimpo.club/torrent/download/69521.1e74...
INFO:PlexMover:Movie 'Hell Hole' (2024) already exists in dashboard with hash f41fe971... Skipping duplicate RSS entry.
INFO:PlexMover:Using TMDB ID 1441563 → Exact match: 'El secreto de Papá Noel' (2025)
INFO:PlexMover:Generated pseudo_hash for RSS: 'El secreto de Papá Noel' (2025) -> 60874283... from link: https://hd-olimpo.club/torrent/download/69517.1e74...
INFO:PlexMover:Movie 'El secreto de Papá Noel' (2025) is in ignored list. Skipping RSS entry and auto-download.
INFO:PlexMover:Using TMDB ID 48453 → Exact match: 'Concursante' (2007)
INFO:PlexMover:Generated pseudo_hash for RSS: 'Concursante' (2007) -> 2fffb0fd... from link: https://hd-olimpo.club/torrent/download/69498.1e74...
INFO:PlexMover:Movie 'Concursante' (2007) already exists in dashboard with hash 85157498... Skipping duplicate RSS entry.
INFO:PlexMover:Using TMDB ID 620639 → Exact match: 'La hija de un ladrón' (2019)
INFO:PlexMover:Generated pseudo_hash for RSS: 'La hija de un ladrón' (2019) -> c0c303e5... from link: https://hd-olimpo.club/torrent/download/69495.1e74...
INFO:PlexMover:Movie 'La hija de un ladrón' (2019) is in ignored list. Skipping RSS entry and auto-download.
INFO:PlexMover:Using TMDB ID 1261825 → Exact match: 'Oh. What. Fun.' (2025)
INFO:PlexMover:Generated pseudo_hash for RSS: 'Oh. What. Fun.' (2025) -> 11e9f219... from link: https://hd-olimpo.club/torrent/download/69493.1e74...
INFO:PlexMover:Movie 'Oh. What. Fun.' (2025) is in ignored list. Skipping RSS entry and auto-download.
INFO:PlexMover:Using TMDB ID 533533 → Exact match: 'TRON: Ares' (2025)
INFO:PlexMover:Generated pseudo_hash for RSS: 'TRON: Ares' (2025) -> 23074b75... from link: https://hd-olimpo.club/torrent/download/69471.1e74...
INFO:PlexMover:Movie 'TRON: Ares' (2025) is in ignored list. Skipping RSS entry and auto-download.
INFO:PlexMover:Using TMDB ID 772 → Exact match: 'Solo en casa 2: Perdido en Nueva York' (1992)
INFO:PlexMover:Generated pseudo_hash for RSS: 'Solo en casa 2: Perdido en Nueva York' (1992) -> a8e87ec6... from link: https://hd-olimpo.club/torrent/download/69462.1e74...
INFO:PlexMover:RSS movie 'Solo en casa 2: Perdido en Nueva York' (1992) already exists with exact hash a8e87ec6..., skipping
INFO:PlexMover:Using TMDB ID 74052 → Exact match: 'Yo soy la Juani' (2006)
INFO:PlexMover:Generated pseudo_hash for RSS: 'Yo soy la Juani' (2006) -> 02565351... from link: https://hd-olimpo.club/torrent/download/69461.1e74...
INFO:PlexMover:Movie 'Yo soy la Juani' (2006) is in ignored list. Skipping RSS entry and auto-download.
INFO:PlexMover:Using TMDB ID 8970 → Exact match: 'Forasteros en Nueva York' (1999)
INFO:PlexMover:Generated pseudo_hash for RSS: 'Forasteros en Nueva York' (1999) -> 0c29ce20... from link: https://hd-olimpo.club/torrent/download/69460.1e74...
INFO:PlexMover:RSS movie 'Forasteros en Nueva York' (1999) already exists with exact hash 0c29ce20..., skipping
INFO:PlexMover:Using TMDB ID 533533 → Exact match: 'TRON: Ares' (2025)
INFO:PlexMover:Generated pseudo_hash for RSS: 'TRON: Ares' (2025) -> b31a9c0a... from link: https://hd-olimpo.club/torrent/download/69441.1e74...
INFO:PlexMover:Movie 'TRON: Ares' (2025) is in ignored list. Skipping RSS entry and auto-download.
INFO:PlexMover:Using TMDB ID 1361854 → Exact match: 'Las delicias del jardín' (2025)
INFO:PlexMover:Generated pseudo_hash for RSS: 'Las delicias del jardín' (2025) -> db3ec3a6... from link: https://hd-olimpo.club/torrent/download/69436.1e74...
INFO:PlexMover:Movie 'Las delicias del jardín' (2025) is in ignored list. Skipping RSS entry and auto-download.
INFO:PlexMover:Using TMDB ID 1180831 → Exact match: 'Trol 2' (2025)
INFO:PlexMover:Generated pseudo_hash for RSS: 'Trol 2' (2025) -> 5a060fe1... from link: https://hd-olimpo.club/torrent/download/69428.1e74...
INFO:PlexMover:Movie 'Trol 2' (2025) is in ignored list. Skipping RSS entry and auto-download.
INFO:PlexMover:Using TMDB ID 605542 → Exact match: 'Perdidos en la noche' (2023)
INFO:PlexMover:Generated pseudo_hash for RSS: 'Perdidos en la noche' (2023) -> 0678582b... from link: https://hd-olimpo.club/torrent/download/69398.1e74...
INFO:PlexMover:Movie 'Perdidos en la noche' (2023) is in ignored list. Skipping RSS entry and auto-download.
INFO:PlexMover:Using TMDB ID 1002158 → Exact match: 'Rapaces' (2025)
INFO:PlexMover:Generated pseudo_hash for RSS: 'Rapaces' (2025) -> a27b10d5... from link: https://hd-olimpo.club/torrent/download/69390.1e74...
INFO:PlexMover:Movie 'Rapaces' (2025) is in ignored list. Skipping RSS entry and auto-download.
INFO:PlexMover:Using TMDB ID 1280282 → Exact match: 'La casa de muñecas de Gabby: La película' (2025)
INFO:PlexMover:Generated pseudo_hash for RSS: 'La casa de muñecas de Gabby: La película' (2025) -> 94c5eb5f... from link: https://hd-olimpo.club/torrent/download/69387.1e74...
INFO:PlexMover:RSS movie 'La casa de muñecas de Gabby: La película' (2025) already exists with exact hash 94c5eb5f..., skipping
INFO:PlexMover:Using TMDB ID 1151272 → Exact match: 'Sirāt' (2025)
INFO:PlexMover:Generated pseudo_hash for RSS: 'Sirāt' (2025) -> 40663c1d... from link: https://hd-olimpo.club/torrent/download/69350.1e74...
INFO:PlexMover:Movie 'Sirāt' (2025) is in ignored list. Skipping RSS entry and auto-download.
INFO:PlexMover:Using TMDB ID 640 → Exact match: 'Atrápame si puedes' (2002)
INFO:PlexMover:Generated pseudo_hash for RSS: 'Atrápame si puedes' (2002) -> 98401e83... from link: https://hd-olimpo.club/torrent/download/69344.1e74...
INFO:PlexMover:RSS movie 'Atrápame si puedes' (2002) already exists with exact hash 98401e83..., skipping
INFO:PlexMover:Using TMDB ID 1426968 → Exact match: 'Ya no quedan junglas' (2025)
INFO:PlexMover:Generated pseudo_hash for RSS: 'Ya no quedan junglas' (2025) -> af0c1828... from link: https://hd-olimpo.club/torrent/download/69336.1e74...
INFO:PlexMover:RSS movie 'Ya no quedan junglas' (2025) already exists with exact hash af0c1828..., skipping
INFO:PlexMover:Using TMDB ID 1469354 → Exact match: 'Cazadores de fronteras' (2025)
INFO:PlexMover:Generated pseudo_hash for RSS: 'Cazadores de fronteras' (2025) -> 3a29d3fa... from link: https://hd-olimpo.club/torrent/download/69330.1e74...
INFO:PlexMover:Movie 'Cazadores de fronteras' (2025) is in ignored list. Skipping RSS entry and auto-download.
INFO:PlexMover:Using TMDB ID 1218762 → Exact match: 'Un robo muy navideño' (2025)
INFO:PlexMover:Generated pseudo_hash for RSS: 'Un robo muy navideño' (2025) -> 3da2c19d... from link: https://hd-olimpo.club/torrent/download/69328.1e74...
INFO:PlexMover:RSS movie 'Un robo muy navideño' (2025) already exists with exact hash 3da2c19d..., skipping
INFO:PlexMover:Using TMDB ID 1196573 → Exact match: 'La educación de Polly McClusky' (2025)
INFO:PlexMover:Generated pseudo_hash for RSS: 'La educación de Polly McClusky' (2025) -> 6bc5d62d... from link: https://hd-olimpo.club/torrent/download/69324.1e74...
INFO:PlexMover:RSS movie 'La educación de Polly McClusky' (2025) already exists with exact hash 6bc5d62d..., skipping
INFO:PlexMover:Using TMDB ID 1522377 → Exact match: 'Dos mundos, un deseo' (2025)
INFO:PlexMover:Generated pseudo_hash for RSS: 'Dos mundos, un deseo' (2025) -> 1f6072e2... from link: https://hd-olimpo.club/torrent/download/69321.1e74...
INFO:PlexMover:Movie 'Dos mundos, un deseo' (2025) is in ignored list. Skipping RSS entry and auto-download.
INFO:PlexMover:Using TMDB ID 9260 → Exact match: 'Bienvenidos a Collinwood' (2002)
INFO:PlexMover:Generated pseudo_hash for RSS: 'Bienvenidos a Collinwood' (2002) -> d97a6eb9... from link: https://hd-olimpo.club/torrent/download/69308.1e74...
INFO:PlexMover:RSS movie 'Bienvenidos a Collinwood' (2002) already exists with exact hash d97a6eb9..., skipping
INFO:PlexMover:Using TMDB ID 1327862 → Exact match: 'A pesar de ti' (2025)
INFO:PlexMover:Generated pseudo_hash for RSS: 'A pesar de ti' (2025) -> 380ea8d5... from link: https://hd-olimpo.club/torrent/download/69285.1e74...
INFO:PlexMover:RSS movie 'A pesar de ti' (2025) already exists with exact hash 380ea8d5..., skipping
INFO:PlexMover:Using TMDB ID 1299655 → Exact match: 'Blue Moon' (2025)
INFO:PlexMover:Generated pseudo_hash for RSS: 'Blue Moon' (2025) -> 588658fb... from link: https://hd-olimpo.club/torrent/download/69283.1e74...
INFO:PlexMover:Movie 'Blue Moon' (2025) is in ignored list. Skipping RSS entry and auto-download.
INFO:PlexMover:Using TMDB ID 1340828 → Exact match: 'Mujercitas en Navidad' (2024)
INFO:PlexMover:Generated pseudo_hash for RSS: 'Mujercitas en Navidad' (2024) -> 4c0d5c4e... from link: https://hd-olimpo.club/torrent/download/69259.1e74...
INFO:PlexMover:Movie 'Mujercitas en Navidad' (2024) is in ignored list. Skipping RSS entry and auto-download.
INFO:PlexMover:Using TMDB ID 23168 → Exact match: 'The Town: Ciudad de ladrones' (2010)
INFO:PlexMover:Generated pseudo_hash for RSS: 'The Town: Ciudad de ladrones' (2010) -> 4cf0a040... from link: https://hd-olimpo.club/torrent/download/69248.1e74...
INFO:PlexMover:RSS movie 'The Town: Ciudad de ladrones' (2010) already exists with exact hash 4cf0a040..., skipping
INFO:PlexMover:RSS auto-refresh successful: Added 0 new movies from RSS
INFO:     172.30.32.1:41836 - "GET / HTTP/1.1" 200 OK
INFO:     172.30.32.1:41836 - "GET /styles/status.css HTTP/1.1" 304 Not Modified
INFO:     172.30.32.1:41852 - "GET /styles/components.css HTTP/1.1" 200 OK
INFO:     172.30.32.1:41856 - "GET /styles/movies.css HTTP/1.1" 200 OK
INFO:     172.30.32.1:41872 - "GET /styles/base.css HTTP/1.1" 304 Not Modified
INFO:     172.30.32.1:41892 - "GET /styles/modal.css HTTP/1.1" 200 OK
INFO:     172.30.32.1:41876 - "GET /styles/layout.css HTTP/1.1" 304 Not Modified
INFO:     172.30.32.1:41894 - "GET /styles/settings.css HTTP/1.1" 200 OK
INFO:     172.30.32.1:41892 - "GET /icon.png HTTP/1.1" 304 Not Modified
INFO:     172.30.32.1:41892 - "GET /js/main.js HTTP/1.1" 200 OK
INFO:     172.30.32.1:41894 - "GET /js/navigation.js HTTP/1.1" 304 Not Modified
INFO:     172.30.32.1:41892 - "GET /js/ui.js HTTP/1.1" 304 Not Modified
INFO:     172.30.32.1:41892 - "GET /js/dashboard.js HTTP/1.1" 304 Not Modified
INFO:     172.30.32.1:41892 - "GET /js/search.js HTTP/1.1" 304 Not Modified
INFO:     172.30.32.1:41892 - "GET /js/settings.js HTTP/1.1" 200 OK
INFO:     172.30.32.1:41892 - "GET /js/movies.js HTTP/1.1" 304 Not Modified
INFO:     172.30.32.1:41892 - "GET /js/config.js HTTP/1.1" 304 Not Modified
INFO:     172.30.32.1:41892 - "GET /js/modal-loader.js HTTP/1.1" 304 Not Modified
INFO:     172.30.32.1:41856 - "GET /js/templates.js HTTP/1.1" 304 Not Modified
INFO:     172.30.32.1:41894 - "GET /js/api.js HTTP/1.1" 304 Not Modified
INFO:     172.30.32.1:41892 - "GET /js/state.js HTTP/1.1" 304 Not Modified
INFO:     172.30.32.1:41876 - "GET /modals/edit-rss-modal.html HTTP/1.1" 200 OK
INFO:     172.30.32.1:41894 - "GET /modals/delete-modal.html HTTP/1.1" 200 OK
INFO:     172.30.32.1:41856 - "GET /modals/manual-search-modal.html HTTP/1.1" 200 OK
INFO:     172.30.32.1:41852 - "GET /modals/ignored-movies-modal.html HTTP/1.1" 200 OK
INFO:     172.30.32.1:41892 - "GET /modals/edit-indexer-modal.html HTTP/1.1" 200 OK
INFO:     172.30.32.1:41892 - "GET /api/rss/status?t=1764915349808 HTTP/1.1" 200 OK
INFO:     172.30.32.1:41894 - "GET /api/settings?t=1764915349810 HTTP/1.1" 200 OK
INFO:PlexMover:Querying Prowlarr stats at: http://192.168.0.125:9696/api/v1/indexer
INFO:PlexMover:Found 1 active trackers with languages: {'es-ES'}
INFO:     172.30.32.1:41894 - "GET /api/indexer/stats/0 HTTP/1.1" 200 OK
INFO:     172.30.32.1:41852 - "GET /api/torrents?t=1764915349810 HTTP/1.1" 200 OK
INFO:PlexMover:Skipping series: Tragones y mazmorras 2024 S01 WEB DL 1080p ESP JAP EAC3 SUBS
INFO:     172.30.32.1:41876 - "GET /api/movies?t=1764915349810 HTTP/1.1" 200 OK
INFO:     172.30.32.1:41894 - "GET /posters/06f575e803dadb4fe54c0ccacbbbb787060b62fc_poster.jpg HTTP/1.1" 200 OK
INFO:     172.30.32.1:41852 - "GET /posters/2177684199e68546db8fe0f458ce9ceff45a8d3c_poster.jpg HTTP/1.1" 200 OK
INFO:     172.30.32.1:41892 - "GET /posters/85157498cf31a217b5a5516698edd0c49864e0d9_poster.jpg HTTP/1.1" 200 OK
INFO:     172.30.32.1:41856 - "GET /posters/aebfaf1d5c7ece6906e9fa044feaa327c2fbe881_poster.jpg HTTP/1.1" 200 OK
INFO:     172.30.32.1:41894 - "GET /posters/f41fe971db30a266572a2cb02d5464235bce154d_poster.jpg HTTP/1.1" 200 OK
INFO:     172.30.32.1:41876 - "GET /api/torrents?t=1764915350232 HTTP/1.1" 200 OK
INFO:PlexMover:Skipping series: Tragones y mazmorras 2024 S01 WEB DL 1080p ESP JAP EAC3 SUBS
INFO:     172.30.32.1:41876 - "GET /api/movies?t=1764915350414 HTTP/1.1" 200 OK
INFO:     172.30.32.1:51202 - "GET /api/rss/status?t=1764915359815 HTTP/1.1" 200 OK
INFO:     172.30.32.1:51202 - "GET /api/torrents?t=1764915360684 HTTP/1.1" 200 OK
INFO:PlexMover:Skipping series: Tragones y mazmorras 2024 S01 WEB DL 1080p ESP JAP EAC3 SUBS
INFO:     172.30.32.1:51202 - "GET /api/movies?t=1764915360886 HTTP/1.1" 200 OK
INFO:     172.30.32.1:51202 - "GET /api/torrents?t=1764915365725 HTTP/1.1" 200 OK
INFO:PlexMover:Skipping series: Tragones y mazmorras 2024 S01 WEB DL 1080p ESP JAP EAC3 SUBS
INFO:     172.30.32.1:51202 - "GET /api/movies?t=1764915365902 HTTP/1.1" 200 OK
INFO:PlexMover:Using cached metadata for Doraemon y el tren del tiempo
INFO:     172.30.32.1:51202 - "GET /api/movie/06f575e803dadb4fe54c0ccacbbbb787060b62fc HTTP/1.1" 200 OK
INFO:     172.30.32.1:51202 - "GET /posters/06f575e803dadb4fe54c0ccacbbbb787060b62fc_backdrop.jpg HTTP/1.1" 200 OK
INFO:PlexMover:Using cached metadata for Doraemon y el tren del tiempo
INFO:     172.30.32.1:51202 - "GET /api/movie/06f575e803dadb4fe54c0ccacbbbb787060b62fc HTTP/1.1" 200 OK
INFO:     172.30.32.1:51202 - "GET /api/rss/status?t=1764915369816 HTTP/1.1" 200 OK
INFO:PlexMover:Using cached metadata for Doraemon y el tren del tiempo
INFO:     172.30.32.1:51202 - "GET /api/movie/06f575e803dadb4fe54c0ccacbbbb787060b62fc HTTP/1.1" 200 OK
INFO:PlexMover:Using cached metadata for Doraemon y el tren del tiempo
INFO:     172.30.32.1:51202 - "GET /api/movie/06f575e803dadb4fe54c0ccacbbbb787060b62fc HTTP/1.1" 200 OK
INFO:PlexMover:Searching with 1 variants: ['Doraemon y el tren del tiempo']
INFO:PlexMover:Searching HD Olimpo for 'Doraemon y el tren del tiempo'
INFO:     172.30.32.1:45948 - "GET /api/torrents?t=1764915370685 HTTP/1.1" 200 OK
INFO:PlexMover:Skipping series: Tragones y mazmorras 2024 S01 WEB DL 1080p ESP JAP EAC3 SUBS
INFO:     172.30.32.1:45948 - "GET /api/movies?t=1764915370847 HTTP/1.1" 200 OK
INFO:PlexMover:Found 1 results from HD Olimpo with query 'Doraemon y el tren del tiempo'
INFO:PlexMover:Total search results: 1
INFO:     172.30.32.1:51202 - "GET /api/search?q=Doraemon%20y%20el%20tren%20del%20tiempo HTTP/1.1" 200 OK
INFO:PlexMover:Using cached metadata for Doraemon y el tren del tiempo
INFO:     172.30.32.1:45948 - "GET /api/movie/06f575e803dadb4fe54c0ccacbbbb787060b62fc HTTP/1.1" 200 OK
INFO:PlexMover:Using cached metadata for Doraemon y el tren del tiempo
INFO:     172.30.32.1:45948 - "GET /api/movie/06f575e803dadb4fe54c0ccacbbbb787060b62fc HTTP/1.1" 200 OK
INFO:PlexMover:Using cached metadata for Doraemon y el tren del tiempo
INFO:     172.30.32.1:45948 - "GET /api/movie/06f575e803dadb4fe54c0ccacbbbb787060b62fc HTTP/1.1" 200 OK
INFO:PlexMover:Using cached metadata for Doraemon y el tren del tiempo
INFO:     172.30.32.1:45948 - "GET /api/movie/06f575e803dadb4fe54c0ccacbbbb787060b62fc HTTP/1.1" 200 OK
INFO:PlexMover:Using cached metadata for Doraemon y el tren del tiempo
INFO:     172.30.32.1:45948 - "GET /api/movie/06f575e803dadb4fe54c0ccacbbbb787060b62fc HTTP/1.1" 200 OK
INFO:PlexMover:Using cached metadata for Doraemon y el tren del tiempo
INFO:     172.30.32.1:45948 - "GET /api/movie/06f575e803dadb4fe54c0ccacbbbb787060b62fc HTTP/1.1" 200 OK
INFO:PlexMover:Using cached metadata for Doraemon y el tren del tiempo
INFO:     172.30.32.1:45948 - "GET /api/movie/06f575e803dadb4fe54c0ccacbbbb787060b62fc HTTP/1.1" 200 OK
INFO:PlexMover:Using cached metadata for Doraemon y el tren del tiempo
INFO:     172.30.32.1:45948 - "GET /api/movie/06f575e803dadb4fe54c0ccacbbbb787060b62fc HTTP/1.1" 200 OK
INFO:     172.30.32.1:56638 - "GET /api/settings?t=1764915480004 HTTP/1.1" 200 OK
INFO:     172.30.32.1:56642 - "GET /api/rss/status?t=1764915480003 HTTP/1.1" 200 OK
INFO:     172.30.32.1:56622 - "GET /api/torrents?t=1764915480004 HTTP/1.1" 200 OK
INFO:PlexMover:Querying Prowlarr stats at: http://192.168.0.125:9696/api/v1/indexer
INFO:PlexMover:Found 1 active trackers with languages: {'es-ES'}
INFO:     172.30.32.1:56642 - "GET /api/indexer/stats/0 HTTP/1.1" 200 OK
INFO:PlexMover:Skipping series: Tragones y mazmorras 2024 S01 WEB DL 1080p ESP JAP EAC3 SUBS
INFO:     172.30.32.1:56632 - "GET /api/movies?t=1764915480005 HTTP/1.1" 200 OK
INFO:     172.30.32.1:56632 - "GET /api/torrents?t=1764915480647 HTTP/1.1" 200 OK
INFO:PlexMover:Skipping series: Tragones y mazmorras 2024 S01 WEB DL 1080p ESP JAP EAC3 SUBS
INFO:     172.30.32.1:56632 - "GET /api/movies?t=1764915480929 HTTP/1.1" 200 OK
INFO:     172.30.32.1:53034 - "GET /api/rss/status?t=1764915490350 HTTP/1.1" 200 OK
INFO:     172.30.32.1:43112 - "GET /api/rss/status?t=1764915500295 HTTP/1.1" 200 OK
INFO:     172.30.32.1:44500 - "GET /api/rss/status?t=1764915510305 HTTP/1.1" 200 OK
INFO:     172.30.32.1:37348 - "GET /api/rss/status?t=1764915520304 HTTP/1.1" 200 OK
INFO:     172.30.32.1:57448 - "GET /api/rss/status?t=1764915530300 HTTP/1.1" 200 OK
INFO:     172.30.32.1:59140 - "GET /api/rss/status?t=1764915540304 HTTP/1.1" 200 OK
INFO:     172.30.32.1:59634 - "GET /api/rss/status?t=1764915556306 HTTP/1.1" 200 OK
